"SportswsId","SportswsShortName","SportswsTeam","SportswsPosition","SportswsUrl","SportswsClean"
"/nba/a-pony","A. Pony","*FA","G","https://sports.ws/nba/a-pony","a_pony"
"/nba/aaron-gordon","A. Gordon","DEN","F","https://sports.ws/nba/aaron-gordon","aaron_gordon"
"/nba/aaron-henry","A. Henry","*FA","F","https://sports.ws/nba/aaron-henry","aaron_henry"
"/nba/aaron-holiday","A. Holiday","HOU","G","https://sports.ws/nba/aaron-holiday","aaron_holiday"
"/nba/aaron-nesmith","A. Nesmith","IND","F","https://sports.ws/nba/aaron-nesmith","aaron_nesmith"
"/nba/aaron-wiggins","A. Wiggins","OKC","GF","https://sports.ws/nba/aaron-wiggins","aaron_wiggins"
"/nba/abdel-nader","A. Nader","*FA","F","https://sports.ws/nba/abdel-nader","abdel_nader"
"/nba/adam-flaglar","A. Flaglar","ATL","G","https://sports.ws/nba/adam-flaglar","adam_flaglar"
"/nba/adam-mokoka","A. Mokoka","*FA","GF","https://sports.ws/nba/adam-mokoka","adam_mokoka"
"/nba/adama-sanogo","A. Sanogo","CHI","F","https://sports.ws/nba/adama-sanogo","adama_sanogo"
"/nba/ade-murkey","A. Murkey","*FA","F","https://sports.ws/nba/ade-murkey","ade_murkey"
"/nba/admiral-schofield","A. Schofield","ORL","F","https://sports.ws/nba/admiral-schofield","admiral_schofield"
"/nba/ahmad-caver","A. Caver","*FA","G","https://sports.ws/nba/ahmad-caver","ahmad_caver"
"/nba/aj-green","A. Green","MIL","GF","https://sports.ws/nba/aj-green","aj_green"
"/nba/aj-griffin","A. Griffin","ATL","F","https://sports.ws/nba/aj-griffin","aj_griffin"
"/nba/aj-lawson","A. Lawson","DAL","GF","https://sports.ws/nba/aj-lawson","aj_lawson"
"/nba/al-farouq-aminu","A. Aminu","*FA","F","https://sports.ws/nba/al-farouq-aminu","al_farouq_aminu"
"/nba/al-horford","A. Horford","BOS","C","https://sports.ws/nba/al-horford","al_horford"
"/nba/alec-burks","A. Burks","NYK","G","https://sports.ws/nba/alec-burks","alec_burks"
"/nba/aleksej-pokusevski","A. Pokusevski","CHA","FC","https://sports.ws/nba/aleksej-pokusevski","aleksej_pokusevski"
"/nba/alen-smailagic","A. Smailagic","*FA","FC","https://sports.ws/nba/alen-smailagic","alen_smailagic"
"/nba/alex-caruso","A. Caruso","CHI","G","https://sports.ws/nba/alex-caruso","alex_caruso"
"/nba/alex-fudge","A. Fudge","DAL","F","https://sports.ws/nba/alex-fudge","alex_fudge"
"/nba/alex-len","A. Len","SAC","C","https://sports.ws/nba/alex-len","alex_len"
"/nba/alfonzo-mckinnie","A. McKinnie","*FA","F","https://sports.ws/nba/alfonzo-mckinnie","alfonzo_mckinnie"
"/nba/alize-johnson","A. Johnson","*FA","GF","https://sports.ws/nba/alize-johnson","alize_johnson"
"/nba/alondes-williams","A. Williams","MIA","F","https://sports.ws/nba/alondes-williams","alondes_williams"
"/nba/alperen-sengun","A. Sengun","HOU","C","https://sports.ws/nba/alperen-sengun","alperen_sengun"
"/nba/amari-bailey","A. Bailey","CHA","G","https://sports.ws/nba/amari-bailey","amari_bailey"
"/nba/amen-thompson","A. Thompson","HOU","G","https://sports.ws/nba/amen-thompson","amen_thompson"
"/nba/amida-brimah","A. Brimah","DEN","C","https://sports.ws/nba/amida-brimah","amida_brimah"
"/nba/amir-coffey","A. Coffey","LAC","F","https://sports.ws/nba/amir-coffey","amir_coffey"
"/nba/anderson-varejao","A. Varejao","*FA","C","https://sports.ws/nba/anderson-varejao","anderson_varejao"
"/nba/andre-drummond","A. Drummond","CHI","C","https://sports.ws/nba/andre-drummond","andre_drummond"
"/nba/andre-iguodala","A. Iguodala","*FA","F","https://sports.ws/nba/andre-iguodala","andre_iguodala"
"/nba/andre-jackson-jr","A. Jackson Jr.","MIL","GF","https://sports.ws/nba/andre-jackson-jr","andre_jackson_jr"
"/nba/andre-roberson","A. Roberson","*FA","F","https://sports.ws/nba/andre-roberson","andre_roberson"
"/nba/andrew-funk","A. Funk","CHI","G","https://sports.ws/nba/andrew-funk","andrew_funk"
"/nba/andrew-nembhard","A. Nembhard","IND","G","https://sports.ws/nba/andrew-nembhard","andrew_nembhard"
"/nba/andrew-wiggins","A. Wiggins","GSW","F","https://sports.ws/nba/andrew-wiggins","andrew_wiggins"
"/nba/anfernee-simons","A. Simons","POR","G","https://sports.ws/nba/anfernee-simons","anfernee_simons"
"/nba/anthony-black","A. Black","ORL","GF","https://sports.ws/nba/anthony-black","anthony_black"
"/nba/anthony-davis","A. Davis","LAL","C","https://sports.ws/nba/anthony-davis","anthony_davis"
"/nba/anthony-edwards","A. Edwards","MIN","GF","https://sports.ws/nba/anthony-edwards","anthony_edwards"
"/nba/anthony-gill","A. Gill","WAS","F","https://sports.ws/nba/anthony-gill","anthony_gill"
"/nba/anthony-lamb","A. Lamb","*FA","F","https://sports.ws/nba/anthony-lamb","anthony_lamb"
"/nba/anthony-tolliver","A. Tolliver","*FA","FC","https://sports.ws/nba/anthony-tolliver","anthony_tolliver"
"/nba/anzejs-pasecniks","A. Pasecniks","*FA","C","https://sports.ws/nba/anzejs-pasecniks","anzejs_pasecniks"
"/nba/armoni-brooks","A. Brooks","*FA","G","https://sports.ws/nba/armoni-brooks","armoni_brooks"
"/nba/arnoldas-kulboka","A. Kulboka","*FA","F","https://sports.ws/nba/arnoldas-kulboka","arnoldas_kulboka"
"/nba/aron-baynes","A. Baynes","*FA","C","https://sports.ws/nba/aron-baynes","aron_baynes"
"/nba/ashton-hagans","A. Hagans","*FA","G","https://sports.ws/nba/ashton-hagans","ashton_hagans"
"/nba/ausar-thompson","A. Thompson","DET","GF","https://sports.ws/nba/ausar-thompson","ausar_thompson"
"/nba/austin-reaves","A. Reaves","LAL","GF","https://sports.ws/nba/austin-reaves","austin_reaves"
"/nba/austin-rivers","A. Rivers","*FA","G","https://sports.ws/nba/austin-rivers","austin_rivers"
"/nba/avery-bradley","A. Bradley","*FA","G","https://sports.ws/nba/avery-bradley","avery_bradley"
"/nba/axel-toupane","A. Toupane","*FA","GF","https://sports.ws/nba/axel-toupane","axel_toupane"
"/nba/ayo-dosunmu","A. Dosunmu","CHI","GF","https://sports.ws/nba/ayo-dosunmu","ayo_dosunmu"
"/nba/azuolas-tubelis","A. Tubelis","*FA","F","https://sports.ws/nba/azuolas-tubelis","azuolas_tubelis"
"/nba/bam-adebayo","B. Adebayo","MIA","C","https://sports.ws/nba/bam-adebayo","bam_adebayo"
"/nba/barney-stinson","B. Stinson","*FA","G","https://sports.ws/nba/barney-stinson","barney_stinson"
"/nba/ben-mclemore","B. McLemore","*FA","G","https://sports.ws/nba/ben-mclemore","ben_mclemore"
"/nba/ben-sheppard","B. Sheppard","IND","G","https://sports.ws/nba/ben-sheppard","ben_sheppard"
"/nba/ben-simmons","B. Simmons","BKN","G","https://sports.ws/nba/ben-simmons","ben_simmons"
"/nba/bennedict-mathurin","B. Mathurin","IND","GF","https://sports.ws/nba/bennedict-mathurin","bennedict_mathurin"
"/nba/bilal-coulibaly","B. Coulibaly","WAS","F","https://sports.ws/nba/bilal-coulibaly","bilal_coulibaly"
"/nba/bismack-biyombo","B. Biyombo","OKC","C","https://sports.ws/nba/bismack-biyombo","bismack_biyombo"
"/nba/bj-johnson","B. Johnson","*FA","GF","https://sports.ws/nba/bj-johnson","bj_johnson"
"/nba/blake-griffin","B. Griffin","*FA","FC","https://sports.ws/nba/blake-griffin","blake_griffin"
"/nba/blake-wesley","B. Wesley","SAS","G","https://sports.ws/nba/blake-wesley","blake_wesley"
"/nba/boban-marjanovic","B. Marjanovic","HOU","C","https://sports.ws/nba/boban-marjanovic","boban_marjanovic"
"/nba/bobby-portis","B. Portis","MIL","F","https://sports.ws/nba/bobby-portis","bobby_portis"
"/nba/bogdan-bogdanovic","B. Bogdanovic","ATL","GF","https://sports.ws/nba/bogdan-bogdanovic","bogdan_bogdanovic"
"/nba/bojan-bogdanovic","B. Bogdanovic","NYK","F","https://sports.ws/nba/bojan-bogdanovic","bojan_bogdanovic"
"/nba/bol-bol","B. Bol","PHX","F","https://sports.ws/nba/bol-bol","bol_bol"
"/nba/bones-hyland","B. Hyland","LAC","G","https://sports.ws/nba/bones-hyland","bones_hyland"
"/nba/brad-wanamaker","B. Wanamaker","*FA","G","https://sports.ws/nba/brad-wanamaker","brad_wanamaker"
"/nba/bradley-beal","B. Beal","PHX","G","https://sports.ws/nba/bradley-beal","bradley_beal"
"/nba/brandin-podziemski","B. Podziemski","GSW","G","https://sports.ws/nba/brandin-podziemski","brandin_podziemski"
"/nba/brandon-boston","B. Boston Jr.","LAC","GF","https://sports.ws/nba/brandon-boston","brandon_boston"
"/nba/brandon-clarke","B. Clarke","MEM","F","https://sports.ws/nba/brandon-clarke","brandon_clarke"
"/nba/brandon-goodwin","B. Goodwin","*FA","G","https://sports.ws/nba/brandon-goodwin","brandon_goodwin"
"/nba/brandon-ingram","B. Ingram","NOP","GF","https://sports.ws/nba/brandon-ingram","brandon_ingram"
"/nba/brandon-knight","B. Knight","*FA","G","https://sports.ws/nba/brandon-knight","brandon_knight"
"/nba/brandon-miller","B. Miller","CHA","F","https://sports.ws/nba/brandon-miller","brandon_miller"
"/nba/brandon-williams","B. Williams","DAL","G","https://sports.ws/nba/brandon-williams","brandon_williams"
"/nba/braxton-key","B. Key","DEN","FC","https://sports.ws/nba/braxton-key","braxton_key"
"/nba/brian-bowen","B. Bowen II","*FA","GF","https://sports.ws/nba/brian-bowen","brian_bowen"
"/nba/brice-sensabaugh","B. Sensabaugh","UTA","F","https://sports.ws/nba/brice-sensabaugh","brice_sensabaugh"
"/nba/brodric-thomas","B. Thomas","*FA","G","https://sports.ws/nba/brodric-thomas","brodric_thomas"
"/nba/brook-lopez","B. Lopez","MIL","C","https://sports.ws/nba/brook-lopez","brook_lopez"
"/nba/bruce-brown-jr","B. Brown","TOR","GF","https://sports.ws/nba/bruce-brown-jr","bruce_brown_jr"
"/nba/bruno-caboclo","B. Caboclo","*FA","FC","https://sports.ws/nba/bruno-caboclo","bruno_caboclo"
"/nba/bruno-fernando","B. Fernando","ATL","C","https://sports.ws/nba/bruno-fernando","bruno_fernando"
"/nba/bryce-mcgowens","B. McGowens","CHA","GF","https://sports.ws/nba/bryce-mcgowens","bryce_mcgowens"
"/nba/bryn-forbes","B. Forbes","*FA","G","https://sports.ws/nba/bryn-forbes","bryn_forbes"
"/nba/buddy-boeheim","B. Boeheim","DET","F","https://sports.ws/nba/buddy-boeheim","buddy_boeheim"
"/nba/buddy-hield","B. Hield","PHI","GF","https://sports.ws/nba/buddy-hield","buddy_hield"
"/nba/cade-cunningham","C. Cunningham","DET","G","https://sports.ws/nba/cade-cunningham","cade_cunningham"
"/nba/caleb-houstan","C. Houstan","ORL","GF","https://sports.ws/nba/caleb-houstan","caleb_houstan"
"/nba/caleb-martin","C. Martin","MIA","GF","https://sports.ws/nba/caleb-martin","caleb_martin"
"/nba/cam-reddish","C. Reddish","LAL","F","https://sports.ws/nba/cam-reddish","cam_reddish"
"/nba/cam-thomas","C. Thomas","BKN","GF","https://sports.ws/nba/cam-thomas","cam_thomas"
"/nba/cam-whitmore","C. Whitmore","HOU","F","https://sports.ws/nba/cam-whitmore","cam_whitmore"
"/nba/cameron-johnson","C. Johnson","BKN","F","https://sports.ws/nba/cameron-johnson","cameron_johnson"
"/nba/cameron-oliver","C. Oliver","*FA","FC","https://sports.ws/nba/cameron-oliver","cameron_oliver"
"/nba/cameron-payne","C. Payne","PHI","G","https://sports.ws/nba/cameron-payne","cameron_payne"
"/nba/caris-levert","C. LeVert","CLE","GF","https://sports.ws/nba/caris-levert","caris_levert"
"/nba/carlik-jones","C. Jones","*FA","G","https://sports.ws/nba/carlik-jones","carlik_jones"
"/nba/carmelo-anthony","C. Anthony","*FA","FC","https://sports.ws/nba/carmelo-anthony","carmelo_anthony"
"/nba/carsen-edwards","C. Edwards","*FA","G","https://sports.ws/nba/carsen-edwards","carsen_edwards"
"/nba/cason-wallace","C. Wallace","OKC","G","https://sports.ws/nba/cason-wallace","cason_wallace"
"/nba/cassius-stanley","C. Stanley","*FA","GF","https://sports.ws/nba/cassius-stanley","cassius_stanley"
"/nba/cassius-winston","C. Winston","*FA","G","https://sports.ws/nba/cassius-winston","cassius_winston"
"/nba/cat-barber","C. Barber","*FA","G","https://sports.ws/nba/cat-barber","cat_barber"
"/nba/cedi-osman","C. Osman","SAS","F","https://sports.ws/nba/cedi-osman","cedi_osman"
"/nba/chance-comanche","C. Comanche","*FA","FC","https://sports.ws/nba/chance-comanche","chance_comanche"
"/nba/chandler-hutchison","C. Hutchison","*FA","F","https://sports.ws/nba/chandler-hutchison","chandler_hutchison"
"/nba/charles-bassey","C. Bassey","SAS","C","https://sports.ws/nba/charles-bassey","charles_bassey"
"/nba/charles-bediako","C. Bediako","*FA","FC","https://sports.ws/nba/charles-bediako","charles_bediako"
"/nba/charlie-brown-jr","C. Brown Jr.","NYK","GF","https://sports.ws/nba/charlie-brown-jr","charlie_brown_jr"
"/nba/chasson-randle","C. Randle","*FA","G","https://sports.ws/nba/chasson-randle","chasson_randle"
"/nba/chaundee-brown","C. Brown","*FA","","https://sports.ws/nba/chaundee-brown","chaundee_brown"
"/nba/cheick-diallo","C. Diallo","*FA","C","https://sports.ws/nba/cheick-diallo","cheick_diallo"
"/nba/chet-holmgren","C. Holmgren","OKC","C","https://sports.ws/nba/chet-holmgren","chet_holmgren"
"/nba/chima-moneke","C. Moneke","*FA","F","https://sports.ws/nba/chima-moneke","chima_moneke"
"/nba/chimezie-metu","C. Metu","DET","FC","https://sports.ws/nba/chimezie-metu","chimezie_metu"
"/nba/chris-boucher","C. Boucher","TOR","F","https://sports.ws/nba/chris-boucher","chris_boucher"
"/nba/chris-chiozza","C. Chiozza","*FA","G","https://sports.ws/nba/chris-chiozza","chris_chiozza"
"/nba/chris-duarte","C. Duarte","SAC","F","https://sports.ws/nba/chris-duarte","chris_duarte"
"/nba/chris-livingston","C. Livingston","MIL","F","https://sports.ws/nba/chris-livingston","chris_livingston"
"/nba/chris-paul","C. Paul","GSW","G","https://sports.ws/nba/chris-paul","chris_paul"
"/nba/chris-silva","C. Silva","*FA","F","https://sports.ws/nba/chris-silva","chris_silva"
"/nba/christian-braun","C. Braun","DEN","GF","https://sports.ws/nba/christian-braun","christian_braun"
"/nba/christian-koloko","C. Koloko","*FA","C","https://sports.ws/nba/christian-koloko","christian_koloko"
"/nba/christian-wood","C. Wood","LAL","C","https://sports.ws/nba/christian-wood","christian_wood"
"/nba/chuma-okeke","C. Okeke","ORL","GF","https://sports.ws/nba/chuma-okeke","chuma_okeke"
"/nba/cj-elleby","C. Elleby","*FA","F","https://sports.ws/nba/cj-elleby","cj_elleby"
"/nba/cj-mccollum","C. McCollum","NOP","G","https://sports.ws/nba/cj-mccollum","cj_mccollum"
"/nba/cj-miles","C. Miles","*FA","G","https://sports.ws/nba/cj-miles","cj_miles"
"/nba/clint-capela","C. Capela","ATL","C","https://sports.ws/nba/clint-capela","clint_capela"
"/nba/coby-white","C. White","CHI","G","https://sports.ws/nba/coby-white","coby_white"
"/nba/cody-martin","C. Martin","CHA","GF","https://sports.ws/nba/cody-martin","cody_martin"
"/nba/cody-zeller","C. Zeller","NOP","C","https://sports.ws/nba/cody-zeller","cody_zeller"
"/nba/colby-jones","C. Jones","SAC","GF","https://sports.ws/nba/colby-jones","colby_jones"
"/nba/cole-anthony","C. Anthony","ORL","G","https://sports.ws/nba/cole-anthony","cole_anthony"
"/nba/cole-swider","C. Swider","MIA","F","https://sports.ws/nba/cole-swider","cole_swider"
"/nba/colin-castleton","C. Castleton","LAL","F","https://sports.ws/nba/colin-castleton","colin_castleton"
"/nba/collin-gillespie","C. Gillespie","DEN","G","https://sports.ws/nba/collin-gillespie","collin_gillespie"
"/nba/collin-sexton","C. Sexton","UTA","G","https://sports.ws/nba/collin-sexton","collin_sexton"
"/nba/corey-kispert","C. Kispert","WAS","GF","https://sports.ws/nba/corey-kispert","corey_kispert"
"/nba/cory-joseph","C. Joseph","*FA","G","https://sports.ws/nba/cory-joseph","cory_joseph"
"/nba/craig-porter","C. Porter","CLE","G","https://sports.ws/nba/craig-porter","craig_porter"
"/nba/cristiano-felicio","C. Felicio","*FA","C","https://sports.ws/nba/cristiano-felicio","cristiano_felicio"
"/nba/daishen-nix","D. Nix","MIN","G","https://sports.ws/nba/daishen-nix","daishen_nix"
"/nba/dakota-mathias","D. Mathias","*FA","G","https://sports.ws/nba/dakota-mathias","dakota_mathias"
"/nba/dalano-banton","D. Banton","POR","G","https://sports.ws/nba/dalano-banton","dalano_banton"
"/nba/dalen-terry","D. Terry","CHI","GF","https://sports.ws/nba/dalen-terry","dalen_terry"
"/nba/damian-jones","D. Jones","CLE","C","https://sports.ws/nba/damian-jones","damian_jones"
"/nba/damian-lillard","D. Lillard","MIL","G","https://sports.ws/nba/damian-lillard","damian_lillard"
"/nba/damion-lee","D. Lee","PHX","GF","https://sports.ws/nba/damion-lee","damion_lee"
"/nba/damyean-dotson","D. Dotson","*FA","G","https://sports.ws/nba/damyean-dotson","damyean_dotson"
"/nba/dangelo-russell","D. Russell","LAL","G","https://sports.ws/nba/dangelo-russell","dangelo_russell"
"/nba/daniel-gafford","D. Gafford","DAL","FC","https://sports.ws/nba/daniel-gafford","daniel_gafford"
"/nba/daniel-oturu","D. Oturu","*FA","C","https://sports.ws/nba/daniel-oturu","daniel_oturu"
"/nba/daniel-theis","D. Theis","LAC","C","https://sports.ws/nba/daniel-theis","daniel_theis"
"/nba/danilo-gallinari","D. Gallinari","MIL","FC","https://sports.ws/nba/danilo-gallinari","danilo_gallinari"
"/nba/danny-green","D. Green","*FA","GF","https://sports.ws/nba/danny-green","danny_green"
"/nba/dante-exum","D. Exum","DAL","GF","https://sports.ws/nba/dante-exum","dante_exum"
"/nba/danuel-house","D. House Jr.","*FA","F","https://sports.ws/nba/danuel-house","danuel_house"
"/nba/daquan-jeffries","D. Jeffries","NYK","F","https://sports.ws/nba/daquan-jeffries","daquan_jeffries"
"/nba/dario-saric","D. Saric","GSW","FC","https://sports.ws/nba/dario-saric","dario_saric"
"/nba/dariq-whitehead","D. Whitehead","BKN","G","https://sports.ws/nba/dariq-whitehead","dariq_whitehead"
"/nba/darius-bazley","D. Bazley","UTA","C","https://sports.ws/nba/darius-bazley","darius_bazley"
"/nba/darius-days","D. Days","*FA","F","https://sports.ws/nba/darius-days","darius_days"
"/nba/darius-garland","D. Garland","CLE","G","https://sports.ws/nba/darius-garland","darius_garland"
"/nba/darius-miller","D. Miller","*FA","GF","https://sports.ws/nba/darius-miller","darius_miller"
"/nba/darren-collison","D. Collison","*FA","G","https://sports.ws/nba/darren-collison","darren_collison"
"/nba/david-duke","D. Duke Jr.","SAS","GF","https://sports.ws/nba/david-duke","david_duke"
"/nba/david-johnson","D. Johnson","*FA","G","https://sports.ws/nba/david-johnson","david_johnson"
"/nba/david-nwaba","D. Nwaba","*FA","F","https://sports.ws/nba/david-nwaba","david_nwaba"
"/nba/david-roddy","D. Roddy","PHX","F","https://sports.ws/nba/david-roddy","david_roddy"
"/nba/davion-mitchell","D. Mitchell","SAC","G","https://sports.ws/nba/davion-mitchell","davion_mitchell"
"/nba/davis-bertans","D. Bertans","CHA","FC","https://sports.ws/nba/davis-bertans","davis_bertans"
"/nba/davon-reed","D. Reed","*FA","GF","https://sports.ws/nba/davon-reed","davon_reed"
"/nba/dayron-sharpe","D. Sharpe","BKN","C","https://sports.ws/nba/dayron-sharpe","dayron_sharpe"
"/nba/deaaron-fox","D. Fox","SAC","G","https://sports.ws/nba/deaaron-fox","deaaron_fox"
"/nba/dean-wade","D. Wade","CLE","F","https://sports.ws/nba/dean-wade","dean_wade"
"/nba/deandre-ayton","D. Ayton","POR","C","https://sports.ws/nba/deandre-ayton","deandre_ayton"
"/nba/deandre-bembry","D. Bembry","*FA","F","https://sports.ws/nba/deandre-bembry","deandre_bembry"
"/nba/deandre-hunter","D. Hunter","ATL","F","https://sports.ws/nba/deandre-hunter","deandre_hunter"
"/nba/deandre-jordan","D. Jordan","DEN","C","https://sports.ws/nba/deandre-jordan","deandre_jordan"
"/nba/deanthony-melton","D. Melton","PHI","G","https://sports.ws/nba/deanthony-melton","deanthony_melton"
"/nba/deividas-sirvydis","D. Sirvydis","*FA","F","https://sports.ws/nba/deividas-sirvydis","deividas_sirvydis"
"/nba/dejon-jarreau","D. Jarreau","MEM","G","https://sports.ws/nba/dejon-jarreau","dejon_jarreau"
"/nba/dejounte-murray","D. Murray","ATL","G","https://sports.ws/nba/dejounte-murray","dejounte_murray"
"/nba/delon-wright","D. Wright","MIA","G","https://sports.ws/nba/delon-wright","delon_wright"
"/nba/demar-derozan","D. DeRozan","CHI","F","https://sports.ws/nba/demar-derozan","demar_derozan"
"/nba/demarcus-cousins","D. Cousins","*FA","C","https://sports.ws/nba/demarcus-cousins","demarcus_cousins"
"/nba/deni-avdija","D. Avdija","WAS","F","https://sports.ws/nba/deni-avdija","deni_avdija"
"/nba/dennis-schroder","D. Schroder","BKN","G","https://sports.ws/nba/dennis-schroder","dennis_schroder"
"/nba/dennis-smith-jr","D. Smith Jr.","BKN","G","https://sports.ws/nba/dennis-smith-jr","dennis_smith_jr"
"/nba/denzel-valentine","D. Valentine","*FA","GF","https://sports.ws/nba/denzel-valentine","denzel_valentine"
"/nba/deonte-burton","D. Burton","*FA","F","https://sports.ws/nba/deonte-burton","deonte_burton"
"/nba/dereck-lively","D. Lively II","DAL","C","https://sports.ws/nba/dereck-lively","dereck_lively"
"/nba/dereon-seabron","D. Seabron","NOP","F","https://sports.ws/nba/dereon-seabron","dereon_seabron"
"/nba/derrick-favors","D. Favors","*FA","C","https://sports.ws/nba/derrick-favors","derrick_favors"
"/nba/derrick-jones-jr","D. Jones Jr.","DAL","F","https://sports.ws/nba/derrick-jones-jr","derrick_jones_jr"
"/nba/derrick-rose","D. Rose","MEM","G","https://sports.ws/nba/derrick-rose","derrick_rose"
"/nba/derrick-walton-jr","D. Walton Jr.","*FA","G","https://sports.ws/nba/derrick-walton-jr","derrick_walton_jr"
"/nba/derrick-white","D. White","BOS","G","https://sports.ws/nba/derrick-white","derrick_white"
"/nba/desmond-bane","D. Bane","MEM","G","https://sports.ws/nba/desmond-bane","desmond_bane"
"/nba/devin-booker","D. Booker","PHX","GF","https://sports.ws/nba/devin-booker","devin_booker"
"/nba/devin-cannady","D. Cannady","*FA","G","https://sports.ws/nba/devin-cannady","devin_cannady"
"/nba/devin-vassell","D. Vassell","SAS","GF","https://sports.ws/nba/devin-vassell","devin_vassell"
"/nba/devon-dotson","D. Dotson","*FA","G","https://sports.ws/nba/devon-dotson","devon_dotson"
"/nba/devontae-cacok","D. Cacok","*FA","F","https://sports.ws/nba/devontae-cacok","devontae_cacok"
"/nba/devonte-graham","D. Graham","SAS","G","https://sports.ws/nba/devonte-graham","devonte_graham"
"/nba/dewayne-dedmon","D. Dedmon","*FA","C","https://sports.ws/nba/dewayne-dedmon","dewayne_dedmon"
"/nba/dexter-dennis","D. Dennis","DAL","GF","https://sports.ws/nba/dexter-dennis","dexter_dennis"
"/nba/dillon-brooks","D. Brooks","HOU","GF","https://sports.ws/nba/dillon-brooks","dillon_brooks"
"/nba/dj-augustin","D. Augustin","*FA","G","https://sports.ws/nba/dj-augustin","dj_augustin"
"/nba/dj-carton","D. Carton","TOR","G","https://sports.ws/nba/dj-carton","dj_carton"
"/nba/dj-wilson","D. Wilson","PHI","C","https://sports.ws/nba/dj-wilson","dj_wilson"
"/nba/dmoi-hodge","D. Hodge","LAL","F","https://sports.ws/nba/dmoi-hodge","dmoi_hodge"
"/nba/dmytro-skapintsev","D. Skapintsev","NYK","C","https://sports.ws/nba/dmytro-skapintsev","dmytro_skapintsev"
"/nba/domantas-sabonis","D. Sabonis","SAC","C","https://sports.ws/nba/domantas-sabonis","domantas_sabonis"
"/nba/dominick-barlow","D. Barlow","SAS","FC","https://sports.ws/nba/dominick-barlow","dominick_barlow"
"/nba/donovan-mitchell","D. Mitchell","CLE","G","https://sports.ws/nba/donovan-mitchell","donovan_mitchell"
"/nba/donovan-williams","D. Williams","*FA","F","https://sports.ws/nba/donovan-williams","donovan_williams"
"/nba/donta-hall","D. Hall","*FA","FC","https://sports.ws/nba/donta-hall","donta_hall"
"/nba/donte-divincenzo","D. DiVincenzo","NYK","G","https://sports.ws/nba/donte-divincenzo","donte_divincenzo"
"/nba/dorian-finney-smith","D. Finney-Smith","BKN","F","https://sports.ws/nba/dorian-finney-smith","dorian_finney_smith"
"/nba/doug-mcdermott","D. McDermott","IND","F","https://sports.ws/nba/doug-mcdermott","doug_mcdermott"
"/nba/draymond-green","D. Green","GSW","FC","https://sports.ws/nba/draymond-green","draymond_green"
"/nba/drew-eubanks","D. Eubanks","PHX","C","https://sports.ws/nba/drew-eubanks","drew_eubanks"
"/nba/drew-peterson","D. Peterson","BOS","F","https://sports.ws/nba/drew-peterson","drew_peterson"
"/nba/dru-smith","D. Smith","MIA","G","https://sports.ws/nba/dru-smith","dru_smith"
"/nba/duane-washington","D. Washington Jr.","NYK","G","https://sports.ws/nba/duane-washington","duane_washington"
"/nba/duncan-robinson","D. Robinson","MIA","F","https://sports.ws/nba/duncan-robinson","duncan_robinson"
"/nba/duop-reath","D. Reath","POR","C","https://sports.ws/nba/duop-reath","duop_reath"
"/nba/dwayne-bacon","D. Bacon","*FA","GF","https://sports.ws/nba/dwayne-bacon","dwayne_bacon"
"/nba/dwight-howard","D. Howard","*FA","C","https://sports.ws/nba/dwight-howard","dwight_howard"
"/nba/dwight-powell","D. Powell","DAL","C","https://sports.ws/nba/dwight-powell","dwight_powell"
"/nba/dylan-windler","D. Windler","LAL","F","https://sports.ws/nba/dylan-windler","dylan_windler"
"/nba/dyson-daniels","D. Daniels","NOP","G","https://sports.ws/nba/dyson-daniels","dyson_daniels"
"/nba/ed-davis","E. Davis","*FA","C","https://sports.ws/nba/ed-davis","ed_davis"
"/nba/edmond-sumner","E. Sumner","*FA","G","https://sports.ws/nba/edmond-sumner","edmond_sumner"
"/nba/ej-liddell","E. Liddell","NOP","F","https://sports.ws/nba/ej-liddell","ej_liddell"
"/nba/elfrid-payton","E. Payton","*FA","G","https://sports.ws/nba/elfrid-payton","elfrid_payton"
"/nba/elijah-bryant","E. Bryant","*FA","GF","https://sports.ws/nba/elijah-bryant","elijah_bryant"
"/nba/elijah-hughes","E. Hughes","*FA","GF","https://sports.ws/nba/elijah-hughes","elijah_hughes"
"/nba/emanuel-terry","E. Terry","*FA","C","https://sports.ws/nba/emanuel-terry","emanuel_terry"
"/nba/emmanuel-mudiay","E. Mudiay","*FA","G","https://sports.ws/nba/emmanuel-mudiay","emmanuel_mudiay"
"/nba/emoni-bates","E. Bates","CLE","F","https://sports.ws/nba/emoni-bates","emoni_bates"
"/nba/enes-kanter","E. Kanter","*FA","C","https://sports.ws/nba/enes-kanter","enes_kanter"
"/nba/eric-bledsoe","E. Bledsoe","*FA","G","https://sports.ws/nba/eric-bledsoe","eric_bledsoe"
"/nba/eric-gordon","E. Gordon","PHX","GF","https://sports.ws/nba/eric-gordon","eric_gordon"
"/nba/eric-paschall","E. Paschall","*FA","F","https://sports.ws/nba/eric-paschall","eric_paschall"
"/nba/ersan-ilyasova","E. Ilyasova","*FA","FC","https://sports.ws/nba/ersan-ilyasova","ersan_ilyasova"
"/nba/etwaun-moore","E. Moore","*FA","G","https://sports.ws/nba/etwaun-moore","etwaun_moore"
"/nba/eugene-omoruyi","E. Omoruyi","WAS","F","https://sports.ws/nba/eugene-omoruyi","eugene_omoruyi"
"/nba/evan-fournier","E. Fournier","DET","F","https://sports.ws/nba/evan-fournier","evan_fournier"
"/nba/evan-mobley","E. Mobley","CLE","FC","https://sports.ws/nba/evan-mobley","evan_mobley"
"/nba/facundo-campazzo","F. Campazzo","*FA","G","https://sports.ws/nba/facundo-campazzo","facundo_campazzo"
"/nba/filip-petrusev","F. Petrusev","*FA","FC","https://sports.ws/nba/filip-petrusev","filip_petrusev"
"/nba/frank-jackson","F. Jackson","*FA","G","https://sports.ws/nba/frank-jackson","frank_jackson"
"/nba/frank-kaminsky","F. Kaminsky","*FA","C","https://sports.ws/nba/frank-kaminsky","frank_kaminsky"
"/nba/frank-mason","F. Mason","*FA","G","https://sports.ws/nba/frank-mason","frank_mason"
"/nba/frank-ntilikina","F. Ntilikina","*FA","GF","https://sports.ws/nba/frank-ntilikina","frank_ntilikina"
"/nba/franz-wagner","F. Wagner","ORL","F","https://sports.ws/nba/franz-wagner","franz_wagner"
"/nba/fred-vanvleet","F. VanVleet","HOU","G","https://sports.ws/nba/fred-vanvleet","fred_vanvleet"
"/nba/freddie-gillespie","F. Gillespie","*FA","FC","https://sports.ws/nba/freddie-gillespie","freddie_gillespie"
"/nba/furkan-korkmaz","F. Korkmaz","*FA","GF","https://sports.ws/nba/furkan-korkmaz","furkan_korkmaz"
"/nba/gabe-vincent","G. Vincent","LAL","G","https://sports.ws/nba/gabe-vincent","gabe_vincent"
"/nba/gabe-york","G. York","*FA","G","https://sports.ws/nba/gabe-york","gabe_york"
"/nba/gabriel-deck","G. Deck","*FA","F","https://sports.ws/nba/gabriel-deck","gabriel_deck"
"/nba/gabriel-lundberg","G. Lundberg","*FA","GF","https://sports.ws/nba/gabriel-lundberg","gabriel_lundberg"
"/nba/gabriele-procida","G. Procida","*FA","G","https://sports.ws/nba/gabriele-procida","gabriele_procida"
"/nba/garrett-temple","G. Temple","TOR","GF","https://sports.ws/nba/garrett-temple","garrett_temple"
"/nba/garrison-mathews","G. Mathews","ATL","GF","https://sports.ws/nba/garrison-mathews","garrison_mathews"
"/nba/gary-clark","G. Clark","*FA","F","https://sports.ws/nba/gary-clark","gary_clark"
"/nba/gary-harris","G. Harris","ORL","GF","https://sports.ws/nba/gary-harris","gary_harris"
"/nba/gary-payton-ii","G. Payton II","GSW","GF","https://sports.ws/nba/gary-payton-ii","gary_payton_ii"
"/nba/gary-trent-jr","G. Trent Jr.","TOR","G","https://sports.ws/nba/gary-trent-jr","gary_trent_jr"
"/nba/george-hill","G. Hill","*FA","G","https://sports.ws/nba/george-hill","george_hill"
"/nba/george-king-1994","G. King b.1994","*FA","F","https://sports.ws/nba/george-king-1994","george_king_1994"
"/nba/georges-niang","G. Niang","CLE","F","https://sports.ws/nba/georges-niang","georges_niang"
"/nba/georgios-kalaitzakis","G. Kalaitzakis","*FA","F","https://sports.ws/nba/georgios-kalaitzakis","georgios_kalaitzakis"
"/nba/gg-jackson","G. Jackson","MEM","F","https://sports.ws/nba/gg-jackson","gg_jackson"
"/nba/giannis-antetokounmpo","G. Antetokounmpo","MIL","FC","https://sports.ws/nba/giannis-antetokounmpo","giannis_antetokounmpo"
"/nba/glenn-robinson-iii","G. Robinson III","*FA","","https://sports.ws/nba/glenn-robinson-iii","glenn_robinson_iii"
"/nba/goga-bitadze","G. Bitadze","ORL","C","https://sports.ws/nba/goga-bitadze","goga_bitadze"
"/nba/goran-dragic","G. Dragic","*FA","G","https://sports.ws/nba/goran-dragic","goran_dragic"
"/nba/gordon-hayward","G. Hayward","OKC","F","https://sports.ws/nba/gordon-hayward","gordon_hayward"
"/nba/gorgui-dieng","G. Dieng","*FA","FC","https://sports.ws/nba/gorgui-dieng","gorgui_dieng"
"/nba/gradey-dick","G. Dick","TOR","GF","https://sports.ws/nba/gradey-dick","gradey_dick"
"/nba/grant-riller","G. Riller","*FA","G","https://sports.ws/nba/grant-riller","grant_riller"
"/nba/grant-williams","G. Williams","CHA","F","https://sports.ws/nba/grant-williams","grant_williams"
"/nba/grayson-allen","G. Allen","PHX","GF","https://sports.ws/nba/grayson-allen","grayson_allen"
"/nba/greg-brown","G. Brown III","DAL","F","https://sports.ws/nba/greg-brown","greg_brown"
"/nba/greg-monroe","G. Monroe","*FA","C","https://sports.ws/nba/greg-monroe","greg_monroe"
"/nba/greg-whittington","G. Whittington","*FA","GF","https://sports.ws/nba/greg-whittington","greg_whittington"
"/nba/gui-santos","G. Santos","GSW","G","https://sports.ws/nba/gui-santos","gui_santos"
"/nba/hamidou-diallo","H. Diallo","*FA","GF","https://sports.ws/nba/hamidou-diallo","hamidou_diallo"
"/nba/harrison-barnes","H. Barnes","SAC","F","https://sports.ws/nba/harrison-barnes","harrison_barnes"
"/nba/harry-giles","H. Giles III","LAL","C","https://sports.ws/nba/harry-giles","harry_giles"
"/nba/hassan-whiteside","H. Whiteside","*FA","C","https://sports.ws/nba/hassan-whiteside","hassan_whiteside"
"/nba/hassani-gravett","H. Gravett","*FA","G","https://sports.ws/nba/hassani-gravett","hassani_gravett"
"/nba/haywood-highsmith","H. Highsmith","MIA","F","https://sports.ws/nba/haywood-highsmith","haywood_highsmith"
"/nba/henri-drell","H. Drell","CHI","F","https://sports.ws/nba/henri-drell","henri_drell"
"/nba/henry-ellenson","H. Ellenson","*FA","FC","https://sports.ws/nba/henry-ellenson","henry_ellenson"
"/nba/herbert-jones","H. Jones","NOP","F","https://sports.ws/nba/herbert-jones","herbert_jones"
"/nba/hunter-tyson","H. Tyson","DEN","F","https://sports.ws/nba/hunter-tyson","hunter_tyson"
"/nba/ibou-badji","I. Badji","POR","C","https://sports.ws/nba/ibou-badji","ibou_badji"
"/nba/ignas-brazdeikis","I. Brazdeikis","*FA","GF","https://sports.ws/nba/ignas-brazdeikis","ignas_brazdeikis"
"/nba/iman-shumpert","I. Shumpert","*FA","F","https://sports.ws/nba/iman-shumpert","iman_shumpert"
"/nba/immanuel-quickley","I. Quickley","TOR","G","https://sports.ws/nba/immanuel-quickley","immanuel_quickley"
"/nba/isaac-bonga","I. Bonga","*FA","GF","https://sports.ws/nba/isaac-bonga","isaac_bonga"
"/nba/isaac-okoro","I. Okoro","CLE","GF","https://sports.ws/nba/isaac-okoro","isaac_okoro"
"/nba/isaiah-hartenstein","I. Hartenstein","NYK","C","https://sports.ws/nba/isaiah-hartenstein","isaiah_hartenstein"
"/nba/isaiah-jackson","I. Jackson","IND","FC","https://sports.ws/nba/isaiah-jackson","isaiah_jackson"
"/nba/isaiah-joe","I. Joe","OKC","G","https://sports.ws/nba/isaiah-joe","isaiah_joe"
"/nba/isaiah-livers","I. Livers","WAS","F","https://sports.ws/nba/isaiah-livers","isaiah_livers"
"/nba/isaiah-mobley","I. Mobley","CLE","FC","https://sports.ws/nba/isaiah-mobley","isaiah_mobley"
"/nba/isaiah-roby","I. Roby","*FA","F","https://sports.ws/nba/isaiah-roby","isaiah_roby"
"/nba/isaiah-stewart","I. Stewart","DET","FC","https://sports.ws/nba/isaiah-stewart","isaiah_stewart"
"/nba/isaiah-thomas","I. Thomas","PHX","G","https://sports.ws/nba/isaiah-thomas","isaiah_thomas"
"/nba/isaiah-todd","I. Todd","*FA","FC","https://sports.ws/nba/isaiah-todd","isaiah_todd"
"/nba/isaiah-wong","I. Wong","IND","G","https://sports.ws/nba/isaiah-wong","isaiah_wong"
"/nba/ish-smith","I. Smith","CHA","G","https://sports.ws/nba/ish-smith","ish_smith"
"/nba/ish-wainright","I. Wainright","*FA","F","https://sports.ws/nba/ish-wainright","ish_wainright"
"/nba/ismael-kamagate","I. Kamagate","*FA","G","https://sports.ws/nba/ismael-kamagate","ismael_kamagate"
"/nba/ivica-zubac","I. Zubac","LAC","C","https://sports.ws/nba/ivica-zubac","ivica_zubac"
"/nba/izaiah-brockington","I. Brockington","NOP","G","https://sports.ws/nba/izaiah-brockington","izaiah_brockington"
"/nba/ja-morant","J. Morant","MEM","G","https://sports.ws/nba/ja-morant","ja_morant"
"/nba/jabari-parker","J. Parker","*FA","FC","https://sports.ws/nba/jabari-parker","jabari_parker"
"/nba/jabari-smith-jr","J. Smith Jr.","HOU","F","https://sports.ws/nba/jabari-smith-jr","jabari_smith_jr"
"/nba/jabari-walker","J. Walker","POR","F","https://sports.ws/nba/jabari-walker","jabari_walker"
"/nba/jack-white","J. White","*FA","F","https://sports.ws/nba/jack-white","jack_white"
"/nba/jacob-gilyard","J. Gilyard","*FA","G","https://sports.ws/nba/jacob-gilyard","jacob_gilyard"
"/nba/jacob-toppin","J. Toppin","NYK","F","https://sports.ws/nba/jacob-toppin","jacob_toppin"
"/nba/jaden-hardy","J. Hardy","DAL","G","https://sports.ws/nba/jaden-hardy","jaden_hardy"
"/nba/jaden-ivey","J. Ivey","DET","G","https://sports.ws/nba/jaden-ivey","jaden_ivey"
"/nba/jaden-mcdaniels","J. McDaniels","MIN","F","https://sports.ws/nba/jaden-mcdaniels","jaden_mcdaniels"
"/nba/jaden-springer","J. Springer","BOS","G","https://sports.ws/nba/jaden-springer","jaden_springer"
"/nba/jae-crowder","J. Crowder","MIL","F","https://sports.ws/nba/jae-crowder","jae_crowder"
"/nba/jaesean-tate","J. Tate","HOU","GF","https://sports.ws/nba/jaesean-tate","jaesean_tate"
"/nba/jahlil-okafor","J. Okafor","*FA","C","https://sports.ws/nba/jahlil-okafor","jahlil_okafor"
"/nba/jahmius-ramsey","J. Ramsey","TOR","G","https://sports.ws/nba/jahmius-ramsey","jahmius_ramsey"
"/nba/jaime-echenique","J. Echenique","*FA","C","https://sports.ws/nba/jaime-echenique","jaime_echenique"
"/nba/jaime-jaquez","J. Jaquez Jr.","MIA","GF","https://sports.ws/nba/jaime-jaquez","jaime_jaquez"
"/nba/jakarr-sampson","J. Sampson","*FA","FC","https://sports.ws/nba/jakarr-sampson","jakarr_sampson"
"/nba/jake-laravia","J. LaRavia","MEM","FC","https://sports.ws/nba/jake-laravia","jake_laravia"
"/nba/jake-layman","J. Layman","*FA","F","https://sports.ws/nba/jake-layman","jake_layman"
"/nba/jakob-poeltl","J. Poeltl","TOR","C","https://sports.ws/nba/jakob-poeltl","jakob_poeltl"
"/nba/jalen-brunson","J. Brunson","NYK","G","https://sports.ws/nba/jalen-brunson","jalen_brunson"
"/nba/jalen-crutcher","J. Crutcher","NOP","G","https://sports.ws/nba/jalen-crutcher","jalen_crutcher"
"/nba/jalen-duren","J. Duren","DET","C","https://sports.ws/nba/jalen-duren","jalen_duren"
"/nba/jalen-green","J. Green","HOU","G","https://sports.ws/nba/jalen-green","jalen_green"
"/nba/jalen-harris","J. Harris","*FA","G","https://sports.ws/nba/jalen-harris","jalen_harris"
"/nba/jalen-hood-schifino","J. Hood-Schifino","LAL","G","https://sports.ws/nba/jalen-hood-schifino","jalen_hood_schifino"
"/nba/jalen-johnson","J. Johnson","ATL","F","https://sports.ws/nba/jalen-johnson","jalen_johnson"
"/nba/jalen-lecque","J. Lecque","*FA","G","https://sports.ws/nba/jalen-lecque","jalen_lecque"
"/nba/jalen-mcdaniels","J. McDaniels","TOR","F","https://sports.ws/nba/jalen-mcdaniels","jalen_mcdaniels"
"/nba/jalen-pickett","J. Pickett","DEN","G","https://sports.ws/nba/jalen-pickett","jalen_pickett"
"/nba/jalen-slawson","J. Slawson","SAC","F","https://sports.ws/nba/jalen-slawson","jalen_slawson"
"/nba/jalen-smith","J. Smith","IND","FC","https://sports.ws/nba/jalen-smith","jalen_smith"
"/nba/jalen-suggs","J. Suggs","ORL","G","https://sports.ws/nba/jalen-suggs","jalen_suggs"
"/nba/jalen-williams","J. Williams","OKC","GF","https://sports.ws/nba/jalen-williams","jalen_williams"
"/nba/jalen-wilson","J. Wilson","BKN","F","https://sports.ws/nba/jalen-wilson","jalen_wilson"
"/nba/jamal-cain","J. Cain","MIA","F","https://sports.ws/nba/jamal-cain","jamal_cain"
"/nba/jamal-murray","J. Murray","DEN","G","https://sports.ws/nba/jamal-murray","jamal_murray"
"/nba/jamaree-bouyea","J. Bouyea","SAS","G","https://sports.ws/nba/jamaree-bouyea","jamaree_bouyea"
"/nba/james-bouknight","J. Bouknight","*FA","G","https://sports.ws/nba/james-bouknight","james_bouknight"
"/nba/james-ennis","J. Ennis III","*FA","F","https://sports.ws/nba/james-ennis","james_ennis"
"/nba/james-harden","J. Harden","LAC","G","https://sports.ws/nba/james-harden","james_harden"
"/nba/james-johnson","J. Johnson","IND","FC","https://sports.ws/nba/james-johnson","james_johnson"
"/nba/james-nnaji","J. Nnaji","*FA","C","https://sports.ws/nba/james-nnaji","james_nnaji"
"/nba/james-nunnally","J. Nunnally","*FA","GF","https://sports.ws/nba/james-nunnally","james_nunnally"
"/nba/james-wiseman","J. Wiseman","DET","C","https://sports.ws/nba/james-wiseman","james_wiseman"
"/nba/jamorko-pickett","J. Pickett","*FA","FC","https://sports.ws/nba/jamorko-pickett","jamorko_pickett"
"/nba/jamychal-green","J. Green","*FA","FC","https://sports.ws/nba/jamychal-green","jamychal_green"
"/nba/jarace-walker","J. Walker","IND","F","https://sports.ws/nba/jarace-walker","jarace_walker"
"/nba/jared-butler","J. Butler","WAS","G","https://sports.ws/nba/jared-butler","jared_butler"
"/nba/jared-dudley","J. Dudley","*FA","FC","https://sports.ws/nba/jared-dudley","jared_dudley"
"/nba/jared-harper","J. Harper","*FA","G","https://sports.ws/nba/jared-harper","jared_harper"
"/nba/jared-rhoden","J. Rhoden","DET","F","https://sports.ws/nba/jared-rhoden","jared_rhoden"
"/nba/jaren-jackson-jr","J. Jackson Jr.","MEM","FC","https://sports.ws/nba/jaren-jackson-jr","jaren_jackson_jr"
"/nba/jarred-vanderbilt","J. Vanderbilt","LAL","F","https://sports.ws/nba/jarred-vanderbilt","jarred_vanderbilt"
"/nba/jarrell-brantley","J. Brantley","*FA","F","https://sports.ws/nba/jarrell-brantley","jarrell_brantley"
"/nba/jarrett-allen","J. Allen","CLE","C","https://sports.ws/nba/jarrett-allen","jarrett_allen"
"/nba/jarrett-culver","J. Culver","*FA","F","https://sports.ws/nba/jarrett-culver","jarrett_culver"
"/nba/jason-preston","J. Preston","UTA","G","https://sports.ws/nba/jason-preston","jason_preston"
"/nba/javale-mcgee","J. McGee","SAC","C","https://sports.ws/nba/javale-mcgee","javale_mcgee"
"/nba/javin-delaurier","J. DeLaurier","*FA","C","https://sports.ws/nba/javin-delaurier","javin_delaurier"
"/nba/javon-freeman-liberty","J. Freeman-Liberty","TOR","G","https://sports.ws/nba/javon-freeman-liberty","javon_freeman_liberty"
"/nba/javonte-green","J. Green","CHI","F","https://sports.ws/nba/javonte-green","javonte_green"
"/nba/javonte-smart","J. Smart","PHI","G","https://sports.ws/nba/javonte-smart","javonte_smart"
"/nba/jaxson-hayes","J. Hayes","LAL","FC","https://sports.ws/nba/jaxson-hayes","jaxson_hayes"
"/nba/jay-huff","J. Huff","DEN","C","https://sports.ws/nba/jay-huff","jay_huff"
"/nba/jay-scrubb","J. Scrubb","*FA","G","https://sports.ws/nba/jay-scrubb","jay_scrubb"
"/nba/jaylen-adams","J. Adams","*FA","G","https://sports.ws/nba/jaylen-adams","jaylen_adams"
"/nba/jaylen-brown","J. Brown","BOS","GF","https://sports.ws/nba/jaylen-brown","jaylen_brown"
"/nba/jaylen-clark","J. Clark","MIN","G","https://sports.ws/nba/jaylen-clark","jaylen_clark"
"/nba/jaylen-hoard","J. Hoard","*FA","FC","https://sports.ws/nba/jaylen-hoard","jaylen_hoard"
"/nba/jaylen-martin","J. Martin","BKN","F","https://sports.ws/nba/jaylen-martin","jaylen_martin"
"/nba/jaylen-morris","J. Morris","*FA","G","https://sports.ws/nba/jaylen-morris","jaylen_morris"
"/nba/jaylen-nowell","J. Nowell","DET","GF","https://sports.ws/nba/jaylen-nowell","jaylen_nowell"
"/nba/jaylin-galloway","J. Galloway","MIL","F","https://sports.ws/nba/jaylin-galloway","jaylin_galloway"
"/nba/jaylin-williams","J. Williams","OKC","C","https://sports.ws/nba/jaylin-williams","jaylin_williams"
"/nba/jayson-tatum","J. Tatum","BOS","F","https://sports.ws/nba/jayson-tatum","jayson_tatum"
"/nba/jd-davison","J. Davison","BOS","G","https://sports.ws/nba/jd-davison","jd_davison"
"/nba/jeenathan-williams","N. Williams","HOU","G","https://sports.ws/nba/jeenathan-williams","jeenathan_williams"
"/nba/jeff-dowtin","J. Dowtin Jr.","PHI","G","https://sports.ws/nba/jeff-dowtin","jeff_dowtin"
"/nba/jeff-green","J. Green","HOU","F","https://sports.ws/nba/jeff-green","jeff_green"
"/nba/jeff-teague","J. Teague","*FA","G","https://sports.ws/nba/jeff-teague","jeff_teague"
"/nba/jemerrio-jones","J. Jones","*FA","F","https://sports.ws/nba/jemerrio-jones","jemerrio_jones"
"/nba/jerami-grant","J. Grant","POR","F","https://sports.ws/nba/jerami-grant","jerami_grant"
"/nba/jeremiah-martin","J. Martin","*FA","G","https://sports.ws/nba/jeremiah-martin","jeremiah_martin"
"/nba/jeremiah-robinson-earl","J. Robinson-Earl","NOP","FC","https://sports.ws/nba/jeremiah-robinson-earl","jeremiah_robinson_earl"
"/nba/jeremy-lamb","J. Lamb","*FA","GF","https://sports.ws/nba/jeremy-lamb","jeremy_lamb"
"/nba/jeremy-sochan","J. Sochan","SAS","F","https://sports.ws/nba/jeremy-sochan","jeremy_sochan"
"/nba/jericho-sims","J. Sims","NYK","C","https://sports.ws/nba/jericho-sims","jericho_sims"
"/nba/jermaine-samuels","J. Samuels Jr.","HOU","F","https://sports.ws/nba/jermaine-samuels","jermaine_samuels"
"/nba/jerome-robinson","J. Robinson","GSW","G","https://sports.ws/nba/jerome-robinson","jerome_robinson"
"/nba/jett-howard","J. Howard","ORL","G","https://sports.ws/nba/jett-howard","jett_howard"
"/nba/jevon-carter","J. Carter","CHI","G","https://sports.ws/nba/jevon-carter","jevon_carter"
"/nba/jimmy-butler","J. Butler","MIA","F","https://sports.ws/nba/jimmy-butler","jimmy_butler"
"/nba/jj-redick","J. Redick","*FA","G","https://sports.ws/nba/jj-redick","jj_redick"
"/nba/jock-landale","J. Landale","HOU","C","https://sports.ws/nba/jock-landale","jock_landale"
"/nba/joe-harris","J. Harris","*FA","F","https://sports.ws/nba/joe-harris","joe_harris"
"/nba/joe-ingles","J. Ingles","ORL","F","https://sports.ws/nba/joe-ingles","joe_ingles"
"/nba/joe-johnson","J. Johnson","*FA","F","https://sports.ws/nba/joe-johnson","joe_johnson"
"/nba/joe-wieskamp","J. Wieskamp","*FA","GF","https://sports.ws/nba/joe-wieskamp","joe_wieskamp"
"/nba/joel-ayayi","J. Ayayi","*FA","GF","https://sports.ws/nba/joel-ayayi","joel_ayayi"
"/nba/joel-embiid","J. Embiid","PHI","C","https://sports.ws/nba/joel-embiid","joel_embiid"
"/nba/joey-hauser","J. Hauser","*FA","F","https://sports.ws/nba/joey-hauser","joey_hauser"
"/nba/john-butler","J. Butler Jr.","*FA","C","https://sports.ws/nba/john-butler","john_butler"
"/nba/john-collins","J. Collins","UTA","F","https://sports.ws/nba/john-collins","john_collins"
"/nba/john-konchar","J. Konchar","MEM","GF","https://sports.ws/nba/john-konchar","john_konchar"
"/nba/john-wall","J. Wall","*FA","G","https://sports.ws/nba/john-wall","john_wall"
"/nba/johnny-davis","J. Davis","WAS","GF","https://sports.ws/nba/johnny-davis","johnny_davis"
"/nba/johnny-juzang","J. Juzang","UTA","GF","https://sports.ws/nba/johnny-juzang","johnny_juzang"
"/nba/jon-teske","J. Teske","*FA","C","https://sports.ws/nba/jon-teske","jon_teske"
"/nba/jonas-valanciunas","J. Valanciunas","NOP","C","https://sports.ws/nba/jonas-valanciunas","jonas_valanciunas"
"/nba/jonathan-isaac","J. Isaac","ORL","F","https://sports.ws/nba/jonathan-isaac","jonathan_isaac"
"/nba/jonathan-kuminga","J. Kuminga","GSW","FC","https://sports.ws/nba/jonathan-kuminga","jonathan_kuminga"
"/nba/jontay-porter","J. Porter","TOR","F","https://sports.ws/nba/jontay-porter","jontay_porter"
"/nba/jordan-bell","J. Bell","*FA","C","https://sports.ws/nba/jordan-bell","jordan_bell"
"/nba/jordan-bone","J. Bone","*FA","G","https://sports.ws/nba/jordan-bone","jordan_bone"
"/nba/jordan-clarkson","J. Clarkson","UTA","GF","https://sports.ws/nba/jordan-clarkson","jordan_clarkson"
"/nba/jordan-ford","J. Ford","SAC","G","https://sports.ws/nba/jordan-ford","jordan_ford"
"/nba/jordan-goodwin","J. Goodwin","MEM","G","https://sports.ws/nba/jordan-goodwin","jordan_goodwin"
"/nba/jordan-hall","J. Hall","*FA","G","https://sports.ws/nba/jordan-hall","jordan_hall"
"/nba/jordan-hawkins","J. Hawkins","NOP","G","https://sports.ws/nba/jordan-hawkins","jordan_hawkins"
"/nba/jordan-mclaughlin","J. McLaughlin","MIN","G","https://sports.ws/nba/jordan-mclaughlin","jordan_mclaughlin"
"/nba/jordan-miller","J. Miller","LAC","F","https://sports.ws/nba/jordan-miller","jordan_miller"
"/nba/jordan-nwora","J. Nwora","TOR","F","https://sports.ws/nba/jordan-nwora","jordan_nwora"
"/nba/jordan-poole","J. Poole","WAS","G","https://sports.ws/nba/jordan-poole","jordan_poole"
"/nba/jordan-schakel ","J. Schakel","*FA","F","https://sports.ws/nba/jordan-schakel ","jordan_schakel"
"/nba/jordan-walsh","J. Walsh","BOS","F","https://sports.ws/nba/jordan-walsh","jordan_walsh"
"/nba/jose-alvarado","J. Alvarado","NOP","G","https://sports.ws/nba/jose-alvarado","jose_alvarado"
"/nba/josh-christopher","J. Christopher","*FA","G","https://sports.ws/nba/josh-christopher","josh_christopher"
"/nba/josh-giddey","J. Giddey","OKC","F","https://sports.ws/nba/josh-giddey","josh_giddey"
"/nba/josh-green","J. Green","DAL","GF","https://sports.ws/nba/josh-green","josh_green"
"/nba/josh-hall","J. Hall","*FA","GF","https://sports.ws/nba/josh-hall","josh_hall"
"/nba/josh-hart","J. Hart","NYK","F","https://sports.ws/nba/josh-hart","josh_hart"
"/nba/josh-jackson","J. Jackson","*FA","F","https://sports.ws/nba/josh-jackson","josh_jackson"
"/nba/josh-minott","J. Minott","MIN","F","https://sports.ws/nba/josh-minott","josh_minott"
"/nba/josh-okogie","J. Okogie","PHX","G","https://sports.ws/nba/josh-okogie","josh_okogie"
"/nba/josh-richardson","J. Richardson","MIA","G","https://sports.ws/nba/josh-richardson","josh_richardson"
"/nba/joshua-primo","J. Primo","LAC","GF","https://sports.ws/nba/joshua-primo","joshua_primo"
"/nba/jrue-holiday","J. Holiday","BOS","G","https://sports.ws/nba/jrue-holiday","jrue_holiday"
"/nba/jt-thor","J. Thor","CHA","F","https://sports.ws/nba/jt-thor","jt_thor"
"/nba/juan-hernangomez","J. Hernangomez","*FA","FC","https://sports.ws/nba/juan-hernangomez","juan_hernangomez"
"/nba/juan-toscano-anderson","J. Toscano-Anderson","*FA","F","https://sports.ws/nba/juan-toscano-anderson","juan_toscano_anderson"
"/nba/jules-bernard","J. Bernard","WAS","G","https://sports.ws/nba/jules-bernard","jules_bernard"
"/nba/julian-champagnie","J. Champagnie","SAS","F","https://sports.ws/nba/julian-champagnie","julian_champagnie"
"/nba/julian-phillips","J. Phillips","CHI","F","https://sports.ws/nba/julian-phillips","julian_phillips"
"/nba/julian-strawther","J. Strawther","DEN","G","https://sports.ws/nba/julian-strawther","julian_strawther"
"/nba/julius-randle","J. Randle","NYK","F","https://sports.ws/nba/julius-randle","julius_randle"
"/nba/justin-anderson","J. Anderson","*FA","F","https://sports.ws/nba/justin-anderson","justin_anderson"
"/nba/justin-champagnie","J. Champagnie","WAS","GF","https://sports.ws/nba/justin-champagnie","justin_champagnie"
"/nba/justin-holiday","J. Holiday","DEN","GF","https://sports.ws/nba/justin-holiday","justin_holiday"
"/nba/justin-jackson","J. Jackson","MIN","F","https://sports.ws/nba/justin-jackson","justin_jackson"
"/nba/justin-james","J. James","*FA","F","https://sports.ws/nba/justin-james","justin_james"
"/nba/justin-lewis","J. Lewis","*FA","G","https://sports.ws/nba/justin-lewis","justin_lewis"
"/nba/justin-minaya","J. Minaya","POR","GF","https://sports.ws/nba/justin-minaya","justin_minaya"
"/nba/justin-patton","J. Patton","*FA","C","https://sports.ws/nba/justin-patton","justin_patton"
"/nba/justin-robinson","J. Robinson","*FA","G","https://sports.ws/nba/justin-robinson","justin_robinson"
"/nba/justise-winslow","J. Winslow","*FA","F","https://sports.ws/nba/justise-winslow","justise_winslow"
"/nba/jusuf-nurkic","J. Nurkic","PHX","C","https://sports.ws/nba/jusuf-nurkic","jusuf_nurkic"
"/nba/juwan-morgan","J. Morgan","*FA","F","https://sports.ws/nba/juwan-morgan","juwan_morgan"
"/nba/kai-jones","K. Jones","PHI","FC","https://sports.ws/nba/kai-jones","kai_jones"
"/nba/kaiser-gates1","K. Gates","*FA","G","https://sports.ws/nba/kaiser-gates1","kaiser_gates1"
"/nba/karim-mane","K. Mane","*FA","GF","https://sports.ws/nba/karim-mane","karim_mane"
"/nba/karl-anthony-towns","K. Towns","MIN","FC","https://sports.ws/nba/karl-anthony-towns","karl_anthony_towns"
"/nba/karlo-matkovic","K. Matkovic","*FA","F","https://sports.ws/nba/karlo-matkovic","karlo_matkovic"
"/nba/kawhi-leonard","K. Leonard","LAC","GF","https://sports.ws/nba/kawhi-leonard","kawhi_leonard"
"/nba/keegan-murray","K. Murray","SAC","F","https://sports.ws/nba/keegan-murray","keegan_murray"
"/nba/keifer-sykes","K. Sykes","*FA","G","https://sports.ws/nba/keifer-sykes","keifer_sykes"
"/nba/keita-bates-diop","K. Bates-Diop","BKN","F","https://sports.ws/nba/keita-bates-diop","keita_bates_diop"
"/nba/kelan-martin","K. Martin","*FA","F","https://sports.ws/nba/kelan-martin","kelan_martin"
"/nba/keldon-johnson","K. Johnson","SAS","GF","https://sports.ws/nba/keldon-johnson","keldon_johnson"
"/nba/keljin-blevins","K. Blevins","*FA","F","https://sports.ws/nba/keljin-blevins","keljin_blevins"
"/nba/kelly-olynyk","K. Olynyk","TOR","FC","https://sports.ws/nba/kelly-olynyk","kelly_olynyk"
"/nba/kelly-oubre","K. Oubre Jr.","PHI","GF","https://sports.ws/nba/kelly-oubre","kelly_oubre"
"/nba/kemba-walker","K. Walker","*FA","G","https://sports.ws/nba/kemba-walker","kemba_walker"
"/nba/kendall-brown","K. Brown","IND","GF","https://sports.ws/nba/kendall-brown","kendall_brown"
"/nba/kendrick-nunn","K. Nunn","*FA","G","https://sports.ws/nba/kendrick-nunn","kendrick_nunn"
"/nba/kennedy-chandler","K. Chandler","*FA","G","https://sports.ws/nba/kennedy-chandler","kennedy_chandler"
"/nba/kenneth-lofton","K. Lofton Jr.","UTA","FC","https://sports.ws/nba/kenneth-lofton","kenneth_lofton"
"/nba/kenrich-williams","K. Williams","OKC","F","https://sports.ws/nba/kenrich-williams","kenrich_williams"
"/nba/kent-bazemore","K. Bazemore","*FA","F","https://sports.ws/nba/kent-bazemore","kent_bazemore"
"/nba/kentavious-caldwell-pope","K. Caldwell-Pope","DEN","G","https://sports.ws/nba/kentavious-caldwell-pope","kentavious_caldwell_pope"
"/nba/kenyon-martin-jr","K. Martin","PHI","F","https://sports.ws/nba/kenyon-martin-jr","kenyon_martin_jr"
"/nba/keon-ellis","K. Ellis","SAC","GF","https://sports.ws/nba/keon-ellis","keon_ellis"
"/nba/keon-johnson","K. Johnson","BKN","G","https://sports.ws/nba/keon-johnson","keon_johnson"
"/nba/kessler-edwards","K. Edwards","SAC","F","https://sports.ws/nba/kessler-edwards","kessler_edwards"
"/nba/kevin-durant","K. Durant","PHX","FC","https://sports.ws/nba/kevin-durant","kevin_durant"
"/nba/kevin-huerter","K. Huerter","SAC","GF","https://sports.ws/nba/kevin-huerter","kevin_huerter"
"/nba/kevin-knox","K. Knox II","*FA","F","https://sports.ws/nba/kevin-knox","kevin_knox"
"/nba/kevin-love","K. Love","MIA","F","https://sports.ws/nba/kevin-love","kevin_love"
"/nba/kevin-pangos","K. Pangos","*FA","G","https://sports.ws/nba/kevin-pangos","kevin_pangos"
"/nba/kevin-porter-jr","K. Porter Jr.","*FA","G","https://sports.ws/nba/kevin-porter-jr","kevin_porter_jr"
"/nba/kevon-harris","K. Harris","ORL","GF","https://sports.ws/nba/kevon-harris","kevon_harris"
"/nba/kevon-looney","K. Looney","GSW","C","https://sports.ws/nba/kevon-looney","kevon_looney"
"/nba/keyontae-johnson","K. Johnson","OKC","F","https://sports.ws/nba/keyontae-johnson","keyontae_johnson"
"/nba/keyonte-george","K. George","UTA","G","https://sports.ws/nba/keyonte-george","keyonte_george"
"/nba/khalifa-diop","K. Diop","*FA","C","https://sports.ws/nba/khalifa-diop","khalifa_diop"
"/nba/khem-birch","K. Birch","*FA","C","https://sports.ws/nba/khem-birch","khem_birch"
"/nba/khris-middleton","K. Middleton","MIL","GF","https://sports.ws/nba/khris-middleton","khris_middleton"
"/nba/khyri-thomas","K. Thomas","*FA","G","https://sports.ws/nba/khyri-thomas","khyri_thomas"
"/nba/killian-hayes","K. Hayes","*FA","G","https://sports.ws/nba/killian-hayes","killian_hayes"
"/nba/killian-tillie","K. Tillie","*FA","FC","https://sports.ws/nba/killian-tillie","killian_tillie"
"/nba/kimmy-gibbler","K. Gibbler","*FA","G","https://sports.ws/nba/kimmy-gibbler","kimmy_gibbler"
"/nba/kira-lewis-jr","K. Lewis Jr.","UTA","G","https://sports.ws/nba/kira-lewis-jr","kira_lewis_jr"
"/nba/klay-thompson","K. Thompson","GSW","GF","https://sports.ws/nba/klay-thompson","klay_thompson"
"/nba/kobe-brown","K. Brown","LAC","F","https://sports.ws/nba/kobe-brown","kobe_brown"
"/nba/kobe-bufkin","K. Bufkin","ATL","G","https://sports.ws/nba/kobe-bufkin","kobe_bufkin"
"/nba/kobi-simmons","K. Simmons","TOR","G","https://sports.ws/nba/kobi-simmons","kobi_simmons"
"/nba/kostas-antetokounmpo","K. Antetokounmpo","*FA","C","https://sports.ws/nba/kostas-antetokounmpo","kostas_antetokounmpo"
"/nba/kris-dunn","K. Dunn","UTA","G","https://sports.ws/nba/kris-dunn","kris_dunn"
"/nba/kris-murray","K. Murray","POR","F","https://sports.ws/nba/kris-murray","kris_murray"
"/nba/kristaps-porzingis","K. Porzingis","BOS","C","https://sports.ws/nba/kristaps-porzingis","kristaps_porzingis"
"/nba/kyle-anderson","K. Anderson","MIN","F","https://sports.ws/nba/kyle-anderson","kyle_anderson"
"/nba/kyle-guy","K. Guy","*FA","G","https://sports.ws/nba/kyle-guy","kyle_guy"
"/nba/kyle-kuzma","K. Kuzma","WAS","F","https://sports.ws/nba/kyle-kuzma","kyle_kuzma"
"/nba/kyle-lowry","K. Lowry","PHI","G","https://sports.ws/nba/kyle-lowry","kyle_lowry"
"/nba/kyrie-irving","K. Irving","DAL","G","https://sports.ws/nba/kyrie-irving","kyrie_irving"
"/nba/kz-okpala","K. Okpala","*FA","F","https://sports.ws/nba/kz-okpala","kz_okpala"
"/nba/lamar-stevens","L. Stevens","MEM","F","https://sports.ws/nba/lamar-stevens","lamar_stevens"
"/nba/lamarcus-aldridge","L. Aldridge","*FA","C","https://sports.ws/nba/lamarcus-aldridge","lamarcus_aldridge"
"/nba/lamelo-ball","L. Ball","CHA","G","https://sports.ws/nba/lamelo-ball","lamelo_ball"
"/nba/lance-stephenson","L. Stephenson","*FA","GF","https://sports.ws/nba/lance-stephenson","lance_stephenson"
"/nba/landry-shamet","L. Shamet","WAS","G","https://sports.ws/nba/landry-shamet","landry_shamet"
"/nba/langston-galloway","L. Galloway","*FA","GF","https://sports.ws/nba/langston-galloway","langston_galloway"
"/nba/larry-nance-jr","L. Nance Jr.","NOP","C","https://sports.ws/nba/larry-nance-jr","larry_nance_jr"
"/nba/lauri-markkanen","L. Markkanen","UTA","F","https://sports.ws/nba/lauri-markkanen","lauri_markkanen"
"/nba/leaky-black","L. Black","CHA","F","https://sports.ws/nba/leaky-black","leaky_black"
"/nba/leandro-bolmaro","L. Bolmaro","*FA","F","https://sports.ws/nba/leandro-bolmaro","leandro_bolmaro"
"/nba/lebron-james","L. James","LAL","F","https://sports.ws/nba/lebron-james","lebron_james"
"/nba/leonard-miller","L. Miller","MIN","F","https://sports.ws/nba/leonard-miller","leonard_miller"
"/nba/lester-quinones","L. Quinones","GSW","G","https://sports.ws/nba/lester-quinones","lester_quinones"
"/nba/lindell-wigginton","L. Wigginton","MIL","G","https://sports.ws/nba/lindell-wigginton","lindell_wigginton"
"/nba/lindy-waters","L. Waters III","OKC","GF","https://sports.ws/nba/lindy-waters","lindy_waters"
"/nba/lonnie-walker","L. Walker IV","BKN","GF","https://sports.ws/nba/lonnie-walker","lonnie_walker"
"/nba/lonzo-ball","L. Ball","CHI","G","https://sports.ws/nba/lonzo-ball","lonzo_ball"
"/nba/lou-williams","L. Williams","*FA","G","https://sports.ws/nba/lou-williams","lou_williams"
"/nba/louis-king","L. King","*FA","F","https://sports.ws/nba/louis-king","louis_king"
"/nba/luguentz-dort","L. Dort","OKC","F","https://sports.ws/nba/luguentz-dort","luguentz_dort"
"/nba/luka-doncic","L. Doncic","DAL","G","https://sports.ws/nba/luka-doncic","luka_doncic"
"/nba/luka-garza","L. Garza","MIN","C","https://sports.ws/nba/luka-garza","luka_garza"
"/nba/luka-samanic","L. Samanic","UTA","F","https://sports.ws/nba/luka-samanic","luka_samanic"
"/nba/luke-kennard","L. Kennard","MEM","G","https://sports.ws/nba/luke-kennard","luke_kennard"
"/nba/luke-kornet","L. Kornet","BOS","C","https://sports.ws/nba/luke-kornet","luke_kornet"
"/nba/mac-mcclung","M. McClung","*FA","G","https://sports.ws/nba/mac-mcclung","mac_mcclung"
"/nba/malachi-flynn","M. Flynn","DET","G","https://sports.ws/nba/malachi-flynn","malachi_flynn"
"/nba/malaki-branham","M. Branham","SAS","G","https://sports.ws/nba/malaki-branham","malaki_branham"
"/nba/malcolm-brogdon","M. Brogdon","POR","G","https://sports.ws/nba/malcolm-brogdon","malcolm_brogdon"
"/nba/malcolm-cazalon","M. Cazalon","DET","G","https://sports.ws/nba/malcolm-cazalon","malcolm_cazalon"
"/nba/malcolm-hill","M. Hill","NOP","F","https://sports.ws/nba/malcolm-hill","malcolm_hill"
"/nba/malik-beasley","M. Beasley","MIL","G","https://sports.ws/nba/malik-beasley","malik_beasley"
"/nba/malik-fitts","M. Fitts","*FA","FC","https://sports.ws/nba/malik-fitts","malik_fitts"
"/nba/malik-monk","M. Monk","SAC","G","https://sports.ws/nba/malik-monk","malik_monk"
"/nba/malik-newman","M. Newman","*FA","G","https://sports.ws/nba/malik-newman","malik_newman"
"/nba/malik-williams","M. Williams","TOR","C","https://sports.ws/nba/malik-williams","malik_williams"
"/nba/mamadi-diakite","M. Diakite","*FA","C","https://sports.ws/nba/mamadi-diakite","mamadi_diakite"
"/nba/maozinha-pereira","M. Pereira","MEM","F","https://sports.ws/nba/maozinha-pereira","maozinha_pereira"
"/nba/marc-gasol","M. Gasol","*FA","C","https://sports.ws/nba/marc-gasol","marc_gasol"
"/nba/marcus-garrett","M. Garrett","*FA","GF","https://sports.ws/nba/marcus-garrett","marcus_garrett"
"/nba/marcus-morris","M. Morris Sr.","CLE","F","https://sports.ws/nba/marcus-morris","marcus_morris"
"/nba/marcus-sasser","M. Sasser","DET","G","https://sports.ws/nba/marcus-sasser","marcus_sasser"
"/nba/marcus-smart","M. Smart","MEM","G","https://sports.ws/nba/marcus-smart","marcus_smart"
"/nba/marjon-beauchamp","M. Beauchamp","MIL","GF","https://sports.ws/nba/marjon-beauchamp","marjon_beauchamp"
"/nba/mark-williams","M. Williams","CHA","C","https://sports.ws/nba/mark-williams","mark_williams"
"/nba/markelle-fultz","M. Fultz","ORL","G","https://sports.ws/nba/markelle-fultz","markelle_fultz"
"/nba/markieff-morris","M. Morris","DAL","FC","https://sports.ws/nba/markieff-morris","markieff_morris"
"/nba/marko-simonovic","M. Simonovic","*FA","FC","https://sports.ws/nba/marko-simonovic","marko_simonovic"
"/nba/markquis-nowell","M. Nowell","TOR","G","https://sports.ws/nba/markquis-nowell","markquis_nowell"
"/nba/markus-howard","M. Howard","*FA","GF","https://sports.ws/nba/markus-howard","markus_howard"
"/nba/marques-bolden","M. Bolden","*FA","F","https://sports.ws/nba/marques-bolden","marques_bolden"
"/nba/marquese-chriss","M. Chriss","*FA","FC","https://sports.ws/nba/marquese-chriss","marquese_chriss"
"/nba/marvin-bagley-iii","M. Bagley III","WAS","C","https://sports.ws/nba/marvin-bagley-iii","marvin_bagley_iii"
"/nba/mason-jones","M. Jones","SAC","GF","https://sports.ws/nba/mason-jones","mason_jones"
"/nba/mason-plumlee","M. Plumlee","LAC","C","https://sports.ws/nba/mason-plumlee","mason_plumlee"
"/nba/matisse-thybulle","M. Thybulle","POR","GF","https://sports.ws/nba/matisse-thybulle","matisse_thybulle"
"/nba/matt-mooney","M. Mooney","*FA","G","https://sports.ws/nba/matt-mooney","matt_mooney"
"/nba/matt-ryan","M. Ryan","*FA","F","https://sports.ws/nba/matt-ryan","matt_ryan"
"/nba/matt-thomas","M. Thomas","*FA","G","https://sports.ws/nba/matt-thomas","matt_thomas"
"/nba/matthew-dellavedova","M. Dellavedova","*FA","G","https://sports.ws/nba/matthew-dellavedova","matthew_dellavedova"
"/nba/matthew-hurt","M. Hurt","MEM","G","https://sports.ws/nba/matthew-hurt","matthew_hurt"
"/nba/maurice-harkless","M. Harkless","*FA","F","https://sports.ws/nba/maurice-harkless","maurice_harkless"
"/nba/max-christie","M. Christie","LAL","GF","https://sports.ws/nba/max-christie","max_christie"
"/nba/max-strus","M. Strus","CLE","F","https://sports.ws/nba/max-strus","max_strus"
"/nba/maxi-kleber","M. Kleber","DAL","FC","https://sports.ws/nba/maxi-kleber","maxi_kleber"
"/nba/maxwell-lewis","M. Lewis","LAL","F","https://sports.ws/nba/maxwell-lewis","maxwell_lewis"
"/nba/mckinley-wright","M. Wright IV","*FA","G","https://sports.ws/nba/mckinley-wright","mckinley_wright"
"/nba/melvin-frazier-jr","M. Frazier Jr.","*FA","G","https://sports.ws/nba/melvin-frazier-jr","melvin_frazier_jr"
"/nba/meyers-leonard","M. Leonard","*FA","C","https://sports.ws/nba/meyers-leonard","meyers_leonard"
"/nba/mfiondu-kabengele","M. Kabengele","*FA","F","https://sports.ws/nba/mfiondu-kabengele","mfiondu_kabengele"
"/nba/micah-potter","M. Potter","UTA","F","https://sports.ws/nba/micah-potter","micah_potter"
"/nba/michael-carter-williams","M. Carter-Williams","*FA","G","https://sports.ws/nba/michael-carter-williams","michael_carter_williams"
"/nba/michael-foster","M. Foster Jr.","*FA","C","https://sports.ws/nba/michael-foster","michael_foster"
"/nba/michael-porter-jr","M. Porter Jr.","DEN","F","https://sports.ws/nba/michael-porter-jr","michael_porter_jr"
"/nba/mikal-bridges","M. Bridges","BKN","GF","https://sports.ws/nba/mikal-bridges","mikal_bridges"
"/nba/mike-conley","M. Conley","MIN","G","https://sports.ws/nba/mike-conley","mike_conley"
"/nba/mike-muscala","M. Muscala","OKC","C","https://sports.ws/nba/mike-muscala","mike_muscala"
"/nba/mike-scott","M. Scott","*FA","F","https://sports.ws/nba/mike-scott","mike_scott"
"/nba/miles-bridges","M. Bridges","CHA","F","https://sports.ws/nba/miles-bridges","miles_bridges"
"/nba/miles-mcbride","M. McBride","NYK","G","https://sports.ws/nba/miles-mcbride","miles_mcbride"
"/nba/miles-norris","M. Norris","*FA","F","https://sports.ws/nba/miles-norris","miles_norris"
"/nba/mitchell-robinson","M. Robinson","NYK","C","https://sports.ws/nba/mitchell-robinson","mitchell_robinson"
"/nba/miye-oni","M. Oni","*FA","F","https://sports.ws/nba/miye-oni","miye_oni"
"/nba/mj-walker","M. Walker","*FA","GF","https://sports.ws/nba/mj-walker","mj_walker"
"/nba/mohamed-bamba","M. Bamba","PHI","C","https://sports.ws/nba/mohamed-bamba","mohamed_bamba"
"/nba/mojave-king","M. King","*FA","G","https://sports.ws/nba/mojave-king","mojave_king"
"/nba/monte-morris","M. Morris","MIN","G","https://sports.ws/nba/monte-morris","monte_morris"
"/nba/montrezl-harrell","M. Harrell","*FA","C","https://sports.ws/nba/montrezl-harrell","montrezl_harrell"
"/nba/moritz-wagner","M. Wagner","ORL","C","https://sports.ws/nba/moritz-wagner","moritz_wagner"
"/nba/moses-brown","M. Brown","POR","C","https://sports.ws/nba/moses-brown","moses_brown"
"/nba/moses-moody","M. Moody","GSW","GF","https://sports.ws/nba/moses-moody","moses_moody"
"/nba/moses-wright","M. Wright","*FA","F","https://sports.ws/nba/moses-wright","moses_wright"
"/nba/mouhamadou-gueye","M. Gueye","TOR","F","https://sports.ws/nba/mouhamadou-gueye","mouhamadou_gueye"
"/nba/mouhamed-gueye","M. Gueye","ATL","F","https://sports.ws/nba/mouhamed-gueye","mouhamed_gueye"
"/nba/moussa-diabate","M. Diabate","LAC","FC","https://sports.ws/nba/moussa-diabate","moussa_diabate"
"/nba/mychal-mulder","M. Mulder","*FA","G","https://sports.ws/nba/mychal-mulder","mychal_mulder"
"/nba/myles-powell","M. Powell","*FA","G","https://sports.ws/nba/myles-powell","myles_powell"
"/nba/myles-turner","M. Turner","IND","C","https://sports.ws/nba/myles-turner","myles_turner"
"/nba/naji-marshall","N. Marshall","NOP","GF","https://sports.ws/nba/naji-marshall","naji_marshall"
"/nba/nassir-little","N. Little","PHX","GF","https://sports.ws/nba/nassir-little","nassir_little"
"/nba/nate-darling","N. Darling","*FA","G","https://sports.ws/nba/nate-darling","nate_darling"
"/nba/nate-hinton","N. Hinton","HOU","G","https://sports.ws/nba/nate-hinton","nate_hinton"
"/nba/nathan-knight","N. Knight","*FA","FC","https://sports.ws/nba/nathan-knight","nathan_knight"
"/nba/nathan-mensah","N. Mensah","CHA","F","https://sports.ws/nba/nathan-mensah","nathan_mensah"
"/nba/naz-reid","N. Reid","MIN","FC","https://sports.ws/nba/naz-reid","naz_reid"
"/nba/neemias-queta","N. Queta","BOS","C","https://sports.ws/nba/neemias-queta","neemias_queta"
"/nba/nemanja-bjelica","N. Bjelica","*FA","C","https://sports.ws/nba/nemanja-bjelica","nemanja_bjelica"
"/nba/nerlens-noel","N. Noel","*FA","C","https://sports.ws/nba/nerlens-noel","nerlens_noel"
"/nba/nick-richards","N. Richards","CHA","C","https://sports.ws/nba/nick-richards","nick_richards"
"/nba/nick-smith","N. Smith Jr.","CHA","G","https://sports.ws/nba/nick-smith","nick_smith"
"/nba/nickeil-alexander-walker","N. Alexander-Walker","MIN","GF","https://sports.ws/nba/nickeil-alexander-walker","nickeil_alexander_walker"
"/nba/nico-mannion","N. Mannion","*FA","G","https://sports.ws/nba/nico-mannion","nico_mannion"
"/nba/nicolas-batum","N. Batum","PHI","FC","https://sports.ws/nba/nicolas-batum","nicolas_batum"
"/nba/nicolas-claxton","N. Claxton","BKN","C","https://sports.ws/nba/nicolas-claxton","nicolas_claxton"
"/nba/nicolo-melli","N. Melli","*FA","F","https://sports.ws/nba/nicolo-melli","nicolo_melli"
"/nba/nik-stauskas","N. Stauskas","*FA","GF","https://sports.ws/nba/nik-stauskas","nik_stauskas"
"/nba/nikola-jokic","N. Jokic","DEN","C","https://sports.ws/nba/nikola-jokic","nikola_jokic"
"/nba/nikola-jovic","N. Jovic","MIA","FC","https://sports.ws/nba/nikola-jovic","nikola_jovic"
"/nba/nikola-vucevic","N. Vucevic","CHI","C","https://sports.ws/nba/nikola-vucevic","nikola_vucevic"
"/nba/noah-clowney","N. Clowney","BKN","F","https://sports.ws/nba/noah-clowney","noah_clowney"
"/nba/noah-vonleh","N. Vonleh","*FA","FC","https://sports.ws/nba/noah-vonleh","noah_vonleh"
"/nba/norman-powell","N. Powell","LAC","G","https://sports.ws/nba/norman-powell","norman_powell"
"/nba/norvel-pelle","N. Pelle","*FA","C","https://sports.ws/nba/norvel-pelle","norvel_pelle"
"/nba/obi-toppin","O. Toppin","IND","F","https://sports.ws/nba/obi-toppin","obi_toppin"
"/nba/ochai-agbaji","O. Agbaji","TOR","GF","https://sports.ws/nba/ochai-agbaji","ochai_agbaji"
"/nba/og-anunoby","O. Anunoby","NYK","GF","https://sports.ws/nba/og-anunoby","og_anunoby"
"/nba/olivier-sarr","O. Sarr","OKC","C","https://sports.ws/nba/olivier-sarr","olivier_sarr"
"/nba/oliviermaxence-prosper","O. Prosper","DAL","F","https://sports.ws/nba/oliviermaxence-prosper","oliviermaxence_prosper"
"/nba/omer-yurtseven","O. Yurtseven","UTA","C","https://sports.ws/nba/omer-yurtseven","omer_yurtseven"
"/nba/onuralp-bitim","O. Bitim","CHI","G","https://sports.ws/nba/onuralp-bitim","onuralp_bitim"
"/nba/onyeka-okongwu","O. Okongwu","ATL","C","https://sports.ws/nba/onyeka-okongwu","onyeka_okongwu"
"/nba/orlando-robinson","O. Robinson","MIA","C","https://sports.ws/nba/orlando-robinson","orlando_robinson"
"/nba/oscar-tshiebwe","O. Tshiebwe","IND","F","https://sports.ws/nba/oscar-tshiebwe","oscar_tshiebwe"
"/nba/oshae-brissett","O. Brissett","BOS","F","https://sports.ws/nba/oshae-brissett","oshae_brissett"
"/nba/otto-porter","O. Porter Jr.","*FA","G","https://sports.ws/nba/otto-porter","otto_porter"
"/nba/ousmane-dieng","O. Dieng","OKC","FC","https://sports.ws/nba/ousmane-dieng","ousmane_dieng"
"/nba/paolo-banchero","P. Banchero","ORL","F","https://sports.ws/nba/paolo-banchero","paolo_banchero"
"/nba/pascal-siakam","P. Siakam","IND","FC","https://sports.ws/nba/pascal-siakam","pascal_siakam"
"/nba/pat-connaughton","P. Connaughton","MIL","GF","https://sports.ws/nba/pat-connaughton","pat_connaughton"
"/nba/pat-spencer","P. Spencer","*FA","G","https://sports.ws/nba/pat-spencer","pat_spencer"
"/nba/patrick-baldwin","P. Baldwin Jr.","WAS","F","https://sports.ws/nba/patrick-baldwin","patrick_baldwin"
"/nba/patrick-beverley","P. Beverley","MIL","G","https://sports.ws/nba/patrick-beverley","patrick_beverley"
"/nba/patrick-mccaw","P. McCaw","*FA","F","https://sports.ws/nba/patrick-mccaw","patrick_mccaw"
"/nba/patrick-patterson","P. Patterson","*FA","FC","https://sports.ws/nba/patrick-patterson","patrick_patterson"
"/nba/patrick-williams","P. Williams","CHI","F","https://sports.ws/nba/patrick-williams","patrick_williams"
"/nba/patty-mills","P. Mills","MIA","G","https://sports.ws/nba/patty-mills","patty_mills"
"/nba/paul-george","P. George","LAC","F","https://sports.ws/nba/paul-george","paul_george"
"/nba/paul-millsap","P. Millsap","*FA","FC","https://sports.ws/nba/paul-millsap","paul_millsap"
"/nba/paul-reed","P. Reed","PHI","C","https://sports.ws/nba/paul-reed","paul_reed"
"/nba/paul-watson","P. Watson","*FA","F","https://sports.ws/nba/paul-watson","paul_watson"
"/nba/payton-pritchard","P. Pritchard","BOS","G","https://sports.ws/nba/payton-pritchard","payton_pritchard"
"/nba/pete-nance","P. Nance","CLE","F","https://sports.ws/nba/pete-nance","pete_nance"
"/nba/petr-cornelie","P. Cornelie","*FA","FC","https://sports.ws/nba/petr-cornelie","petr_cornelie"
"/nba/peyton-watson","P. Watson","DEN","GF","https://sports.ws/nba/peyton-watson","peyton_watson"
"/nba/pj-dozier","P. Dozier","*FA","GF","https://sports.ws/nba/pj-dozier","pj_dozier"
"/nba/pj-tucker","P. Tucker","LAC","F","https://sports.ws/nba/pj-tucker","pj_tucker"
"/nba/pj-washington","P. Washington","DAL","F","https://sports.ws/nba/pj-washington","pj_washington"
"/nba/precious-achiuwa","P. Achiuwa","NYK","C","https://sports.ws/nba/precious-achiuwa","precious_achiuwa"
"/nba/quentin-grimes","Q. Grimes","DET","GF","https://sports.ws/nba/quentin-grimes","quentin_grimes"
"/nba/quenton-jackson","Q. Jackson","IND","G","https://sports.ws/nba/quenton-jackson","quenton_jackson"
"/nba/quinn-cook","Q. Cook","*FA","G","https://sports.ws/nba/quinn-cook","quinn_cook"
"/nba/quinndary-weatherspoon","Q. Weatherspoon","*FA","G","https://sports.ws/nba/quinndary-weatherspoon","quinndary_weatherspoon"
"/nba/raiquan-gray","R. Gray","SAS","FC","https://sports.ws/nba/raiquan-gray","raiquan_gray"
"/nba/rajon-rondo","R. Rondo","*FA","G","https://sports.ws/nba/rajon-rondo","rajon_rondo"
"/nba/raul-neto","R. Neto","*FA","G","https://sports.ws/nba/raul-neto","raul_neto"
"/nba/ray-spalding","R. Spalding","*FA","C","https://sports.ws/nba/ray-spalding","ray_spalding"
"/nba/rayan-rupert","R. Rupert","POR","G","https://sports.ws/nba/rayan-rupert","rayan_rupert"
"/nba/rayjon-tucker","R. Tucker","*FA","GF","https://sports.ws/nba/rayjon-tucker","rayjon_tucker"
"/nba/reggie-bullock","R. Bullock Jr.","HOU","F","https://sports.ws/nba/reggie-bullock","reggie_bullock"
"/nba/reggie-jackson","R. Jackson","DEN","G","https://sports.ws/nba/reggie-jackson","reggie_jackson"
"/nba/reggie-perry","R. Perry","*FA","C","https://sports.ws/nba/reggie-perry","reggie_perry"
"/nba/richaun-holmes","R. Holmes","WAS","C","https://sports.ws/nba/richaun-holmes","richaun_holmes"
"/nba/ricky-council","R. Council IV","PHI","G","https://sports.ws/nba/ricky-council","ricky_council"
"/nba/ricky-rubio","R. Rubio","*FA","G","https://sports.ws/nba/ricky-rubio","ricky_rubio"
"/nba/rj-barrett","R. Barrett","TOR","GF","https://sports.ws/nba/rj-barrett","rj_barrett"
"/nba/rj-hampton","R. Hampton","*FA","G","https://sports.ws/nba/rj-hampton","rj_hampton"
"/nba/rj-hunter","R. Hunter","*FA","G","https://sports.ws/nba/rj-hunter","rj_hunter"
"/nba/rj-nembhard","R. Nembhard","*FA","","https://sports.ws/nba/rj-nembhard","rj_nembhard"
"/nba/robert-covington","R. Covington","PHI","F","https://sports.ws/nba/robert-covington","robert_covington"
"/nba/robert-franks","R. Franks","*FA","F","https://sports.ws/nba/robert-franks","robert_franks"
"/nba/robert-williams","R. Williams III","POR","FC","https://sports.ws/nba/robert-williams","robert_williams"
"/nba/robert-woodard","R. Woodard II","*FA","F","https://sports.ws/nba/robert-woodard","robert_woodard"
"/nba/robin-lopez","R. Lopez","*FA","C","https://sports.ws/nba/robin-lopez","robin_lopez"
"/nba/rodions-kurucs","R. Kurucs","*FA","FC","https://sports.ws/nba/rodions-kurucs","rodions_kurucs"
"/nba/rodney-hood","R. Hood","*FA","F","https://sports.ws/nba/rodney-hood","rodney_hood"
"/nba/rodney-mcgruder","R. McGruder","*FA","GF","https://sports.ws/nba/rodney-mcgruder","rodney_mcgruder"
"/nba/romeo-langford","R. Langford","*FA","GF","https://sports.ws/nba/romeo-langford","romeo_langford"
"/nba/ron-harper-jr","R. Harper Jr.","*FA","F","https://sports.ws/nba/ron-harper-jr","ron_harper_jr"
"/nba/rondae-hollis-jefferson","R. Hollis-Jefferson","*FA","F","https://sports.ws/nba/rondae-hollis-jefferson","rondae_hollis_jefferson"
"/nba/royce-oneale","R. O'Neale","PHX","GF","https://sports.ws/nba/royce-oneale","royce_oneale"
"/nba/rudy-gay","R. Gay","*FA","FC","https://sports.ws/nba/rudy-gay","rudy_gay"
"/nba/rudy-gobert","R. Gobert","MIN","C","https://sports.ws/nba/rudy-gobert","rudy_gobert"
"/nba/rui-hachimura","R. Hachimura","LAL","F","https://sports.ws/nba/rui-hachimura","rui_hachimura"
"/nba/russell-westbrook","R. Westbrook","LAC","G","https://sports.ws/nba/russell-westbrook","russell_westbrook"
"/nba/ryan-arcidiacono","R. Arcidiacono","*FA","G","https://sports.ws/nba/ryan-arcidiacono","ryan_arcidiacono"
"/nba/ryan-rollins","R. Rollins","MIL","G","https://sports.ws/nba/ryan-rollins","ryan_rollins"
"/nba/saben-lee","S. Lee","PHX","G","https://sports.ws/nba/saben-lee","saben_lee"
"/nba/saddiq-bey","S. Bey","ATL","F","https://sports.ws/nba/saddiq-bey","saddiq_bey"
"/nba/sam-dekker","S. Dekker","*FA","C","https://sports.ws/nba/sam-dekker","sam_dekker"
"/nba/sam-hauser","S. Hauser","BOS","F","https://sports.ws/nba/sam-hauser","sam_hauser"
"/nba/sam-merrill","S. Merrill","CLE","G","https://sports.ws/nba/sam-merrill","sam_merrill"
"/nba/sandro-mamukelashvili ","S. Mamukelashvili","SAS","FC","https://sports.ws/nba/sandro-mamukelashvili ","sandro_mamukelashvili"
"/nba/santi-aldama","S. Aldama","MEM","FC","https://sports.ws/nba/santi-aldama","santi_aldama"
"/nba/Sasha-vezenkov","S. Vezenkov","SAC","F","https://sports.ws/nba/Sasha-vezenkov","sasha_vezenkov"
"/nba/scoot-henderson","S. Henderson","POR","G","https://sports.ws/nba/scoot-henderson","scoot_henderson"
"/nba/scottie-barnes","S. Barnes","TOR","F","https://sports.ws/nba/scottie-barnes","scottie_barnes"
"/nba/scottie-lewis","S. Lewis","*FA","G","https://sports.ws/nba/scottie-lewis","scottie_lewis"
"/nba/scotty-hopson","S. Hopson","*FA","GF","https://sports.ws/nba/scotty-hopson","scotty_hopson"
"/nba/scotty-pippen-jr","S. Pippen Jr.","MEM","G","https://sports.ws/nba/scotty-pippen-jr","scotty_pippen_jr"
"/nba/sean-mcdermott","S. McDermott","*FA","GF","https://sports.ws/nba/sean-mcdermott","sean_mcdermott"
"/nba/sekou-doumbouya","S. Doumbouya","*FA","F","https://sports.ws/nba/sekou-doumbouya","sekou_doumbouya"
"/nba/semi-ojeleye","S. Ojeleye","*FA","F","https://sports.ws/nba/semi-ojeleye","semi_ojeleye"
"/nba/serge-ibaka","S. Ibaka","*FA","FC","https://sports.ws/nba/serge-ibaka","serge_ibaka"
"/nba/seth-curry","S. Curry","CHA","G","https://sports.ws/nba/seth-curry","seth_curry"
"/nba/seth-lundy","S. Lundy","ATL","GF","https://sports.ws/nba/seth-lundy","seth_lundy"
"/nba/shaedon-sharpe","S. Sharpe","POR","GF","https://sports.ws/nba/shaedon-sharpe","shaedon_sharpe"
"/nba/shai-gilgeous-alexander","S. Gilgeous-Alexander","OKC","G","https://sports.ws/nba/shai-gilgeous-alexander","shai_gilgeous_alexander"
"/nba/shake-milton","S. Milton","NYK","G","https://sports.ws/nba/shake-milton","shake_milton"
"/nba/shaq-buchanan","S. Buchanan","*FA","G","https://sports.ws/nba/shaq-buchanan","shaq_buchanan"
"/nba/shaquille-harrison","S. Harrison","*FA","G","https://sports.ws/nba/shaquille-harrison","shaquille_harrison"
"/nba/sharife-cooper","S. Cooper","CLE","G","https://sports.ws/nba/sharife-cooper","sharife_cooper"
"/nba/sidy-cissoko","S. Cissoko","SAS","GF","https://sports.ws/nba/sidy-cissoko","sidy_cissoko"
"/nba/simone-fontecchio","S. Fontecchio","DET","F","https://sports.ws/nba/simone-fontecchio","simone_fontecchio"
"/nba/sindarius-thornwell","S. Thornwell","*FA","GF","https://sports.ws/nba/sindarius-thornwell","sindarius_thornwell"
"/nba/sirjabari-rice","S. Rice","*FA","G","https://sports.ws/nba/sirjabari-rice","sirjabari_rice"
"/nba/skal-labissiere","S. Labissiere","*FA","C","https://sports.ws/nba/skal-labissiere","skal_labissiere"
"/nba/skylar-mays","S. Mays","LAL","G","https://sports.ws/nba/skylar-mays","skylar_mays"
"/nba/solomon-hill","S. Hill","*FA","F","https://sports.ws/nba/solomon-hill","solomon_hill"
"/nba/spencer-dinwiddie","S. Dinwiddie","LAL","G","https://sports.ws/nba/spencer-dinwiddie","spencer_dinwiddie"
"/nba/stanley-johnson","S. Johnson","*FA","GF","https://sports.ws/nba/stanley-johnson","stanley_johnson"
"/nba/stanley-umude","S. Umude","DET","F","https://sports.ws/nba/stanley-umude","stanley_umude"
"/nba/stephen-curry","S. Curry","GSW","G","https://sports.ws/nba/stephen-curry","stephen_curry"
"/nba/sterling-brown","S. Brown","*FA","F","https://sports.ws/nba/sterling-brown","sterling_brown"
"/nba/steven-adams","S. Adams","HOU","C","https://sports.ws/nba/steven-adams","steven_adams"
"/nba/sviatoslav-mykhailiuk","S. Mykhailiuk","BOS","GF","https://sports.ws/nba/sviatoslav-mykhailiuk","sviatoslav_mykhailiuk"
"/nba/tacko-fall","T. Fall","*FA","C","https://sports.ws/nba/tacko-fall","tacko_fall"
"/nba/taevion-kinsey","T. Kinsey","UTA","GF","https://sports.ws/nba/taevion-kinsey","taevion_kinsey"
"/nba/taj-gibson","T. Gibson","DET","C","https://sports.ws/nba/taj-gibson","taj_gibson"
"/nba/talen-horton-tucker","T. Horton-Tucker","UTA","GF","https://sports.ws/nba/talen-horton-tucker","talen_horton_tucker"
"/nba/tari-eason","T. Eason","HOU","F","https://sports.ws/nba/tari-eason","tari_eason"
"/nba/tarik-biberovic","T. Biberovic","*FA","F","https://sports.ws/nba/tarik-biberovic","tarik_biberovic"
"/nba/taurean-prince","T. Prince","LAL","F","https://sports.ws/nba/taurean-prince","taurean_prince"
"/nba/taylor-hendricks","T. Hendricks","UTA","F","https://sports.ws/nba/taylor-hendricks","taylor_hendricks"
"/nba/taze-moore","T. Moore","*FA","F","https://sports.ws/nba/taze-moore","taze_moore"
"/nba/terance-mann","T. Mann","LAC","GF","https://sports.ws/nba/terance-mann","terance_mann"
"/nba/terence-davis","T. Davis","*FA","GF","https://sports.ws/nba/terence-davis","terence_davis"
"/nba/terquavion-smith","T. Smith","PHI","G","https://sports.ws/nba/terquavion-smith","terquavion_smith"
"/nba/terrance-ferguson","T. Ferguson","*FA","F","https://sports.ws/nba/terrance-ferguson","terrance_ferguson"
"/nba/terrence-ross","T. Ross","*FA","GF","https://sports.ws/nba/terrence-ross","terrence_ross"
"/nba/terry-rozier","T. Rozier","MIA","G","https://sports.ws/nba/terry-rozier","terry_rozier"
"/nba/terry-taylor","T. Taylor","CHI","F","https://sports.ws/nba/terry-taylor","terry_taylor"
"/nba/thaddeus-young","T. Young","PHX","FC","https://sports.ws/nba/thaddeus-young","thaddeus_young"
"/nba/thanasis-antetokounmpo","T. Antetokounmpo","MIL","FC","https://sports.ws/nba/thanasis-antetokounmpo","thanasis_antetokounmpo"
"/nba/theo-maledon","T. Maledon","PHX","G","https://sports.ws/nba/theo-maledon","theo_maledon"
"/nba/theo-pinson","T. Pinson","*FA","F","https://sports.ws/nba/theo-pinson","theo_pinson"
"/nba/thomas-bryant","T. Bryant","MIA","C","https://sports.ws/nba/thomas-bryant","thomas_bryant"
"/nba/thon-maker","T. Maker","*FA","FC","https://sports.ws/nba/thon-maker","thon_maker"
"/nba/tim-frazier","T. Frazier","*FA","G","https://sports.ws/nba/tim-frazier","tim_frazier"
"/nba/tim-hardaway-jr","T. Hardaway Jr.","DAL","F","https://sports.ws/nba/tim-hardaway-jr","tim_hardaway_jr"
"/nba/timmy-allen","T. Allen","MEM","F","https://sports.ws/nba/timmy-allen","timmy_allen"
"/nba/timothe-luwawu-cabarrot","T. Luwawu-Cabarrot","*FA","F","https://sports.ws/nba/timothe-luwawu-cabarrot","timothe_luwawu_cabarrot"
"/nba/tj-leaf","T. Leaf","*FA","F","https://sports.ws/nba/tj-leaf","tj_leaf"
"/nba/tj-mcconnell","T. McConnell","IND","G","https://sports.ws/nba/tj-mcconnell","tj_mcconnell"
"/nba/tj-warren","T. Warren","MIN","F","https://sports.ws/nba/tj-warren","tj_warren"
"/nba/tobias-harris","T. Harris","PHI","F","https://sports.ws/nba/tobias-harris","tobias_harris"
"/nba/tomas-satoransky","T. Satoransky","*FA","GF","https://sports.ws/nba/tomas-satoransky","tomas_satoransky"
"/nba/tony-bradley","T. Bradley","*FA","C","https://sports.ws/nba/tony-bradley","tony_bradley"
"/nba/tony-snell","T. Snell","*FA","GF","https://sports.ws/nba/tony-snell","tony_snell"
"/nba/torrey-craig","T. Craig","CHI","F","https://sports.ws/nba/torrey-craig","torrey_craig"
"/nba/tosan-evbuomwan","T. Evbuomwan","DET","F","https://sports.ws/nba/tosan-evbuomwan","tosan_evbuomwan"
"/nba/toumani-camara","T. Camara","POR","F","https://sports.ws/nba/toumani-camara","toumani_camara"
"/nba/trae-young","T. Young","ATL","G","https://sports.ws/nba/trae-young","trae_young"
"/nba/trayce-jackson-davis","T. Jackson-Davis","GSW","F","https://sports.ws/nba/trayce-jackson-davis","trayce_jackson_davis"
"/nba/tre-jones","T. Jones","SAS","G","https://sports.ws/nba/tre-jones","tre_jones"
"/nba/tre-mann","T. Mann","CHA","G","https://sports.ws/nba/tre-mann","tre_mann"
"/nba/tremont-waters","T. Waters","*FA","G","https://sports.ws/nba/tremont-waters","tremont_waters"
"/nba/trendon-watford","T. Watford","BKN","FC","https://sports.ws/nba/trendon-watford","trendon_watford"
"/nba/trent-forrest","T. Forrest","ATL","G","https://sports.ws/nba/trent-forrest","trent_forrest"
"/nba/trevelin-queen","T. Queen","ORL","G","https://sports.ws/nba/trevelin-queen","trevelin_queen"
"/nba/trevor-ariza","T. Ariza","*FA","F","https://sports.ws/nba/trevor-ariza","trevor_ariza"
"/nba/trevor-hudgins","T. Hudgins","*FA","G","https://sports.ws/nba/trevor-hudgins","trevor_hudgins"
"/nba/trevor-keels","T. Keels","NYK","F","https://sports.ws/nba/trevor-keels","trevor_keels"
"/nba/trey-burke","T. Burke","*FA","G","https://sports.ws/nba/trey-burke","trey_burke"
"/nba/trey-jemison","T. Jemison","MEM","F","https://sports.ws/nba/trey-jemison","trey_jemison"
"/nba/trey-lyles","T. Lyles","SAC","FC","https://sports.ws/nba/trey-lyles","trey_lyles"
"/nba/trey-murphy","T. Murphy III","NOP","F","https://sports.ws/nba/trey-murphy","trey_murphy"
"/nba/tristan-thompson","T. Thompson","CLE","FC","https://sports.ws/nba/tristan-thompson","tristan_thompson"
"/nba/tristan-vukcevic","T. Vukcevic","WAS","F","https://sports.ws/nba/tristan-vukcevic","tristan_vukcevic"
"/nba/troy-brown-jr","T. Brown Jr.","DET","F","https://sports.ws/nba/troy-brown-jr","troy_brown_jr"
"/nba/ty-jerome","T. Jerome","CLE","G","https://sports.ws/nba/ty-jerome","ty_jerome"
"/nba/tyler-bey","T. Bey","*FA","F","https://sports.ws/nba/tyler-bey","tyler_bey"
"/nba/tyler-cook","T. Cook","*FA","FC","https://sports.ws/nba/tyler-cook","tyler_cook"
"/nba/tyler-dorsey","T. Dorsey","*FA","F","https://sports.ws/nba/tyler-dorsey","tyler_dorsey"
"/nba/tyler-herro","T. Herro","MIA","G","https://sports.ws/nba/tyler-herro","tyler_herro"
"/nba/tyler-johnson","T. Johnson","*FA","G","https://sports.ws/nba/tyler-johnson","tyler_johnson"
"/nba/tyrell-terry","T. Terry","*FA","G","https://sports.ws/nba/tyrell-terry","tyrell_terry"
"/nba/tyrese-haliburton","T. Haliburton","IND","G","https://sports.ws/nba/tyrese-haliburton","tyrese_haliburton"
"/nba/tyrese-martin","T. Martin","*FA","F","https://sports.ws/nba/tyrese-martin","tyrese_martin"
"/nba/tyrese-maxey","T. Maxey","PHI","G","https://sports.ws/nba/tyrese-maxey","tyrese_maxey"
"/nba/tyrone-wallace","T. Wallace","*FA","G","https://sports.ws/nba/tyrone-wallace","tyrone_wallace"
"/nba/tyshon-alexander","T. Alexander","*FA","F","https://sports.ws/nba/tyshon-alexander","tyshon_alexander"
"/nba/tyty-washington","T. Washington Jr.","MIL","G","https://sports.ws/nba/tyty-washington","tyty_washington"
"/nba/tyus-jones","T. Jones","WAS","G","https://sports.ws/nba/tyus-jones","tyus_jones"
"/nba/udoka-azubuike","U. Azubuike","PHX","C","https://sports.ws/nba/udoka-azubuike","udoka_azubuike"
"/nba/udonis-haslem","U. Haslem","*FA","FC","https://sports.ws/nba/udonis-haslem","udonis_haslem"
"/nba/usman-garuba","U. Garuba","GSW","C","https://sports.ws/nba/usman-garuba","usman_garuba"
"/nba/vasilije-micic","V. Micic","CHA","G","https://sports.ws/nba/vasilije-micic","vasilije_micic"
"/nba/vernon-carey-jr","V. Carey Jr.","*FA","C","https://sports.ws/nba/vernon-carey-jr","vernon_carey_jr"
"/nba/victor-oladipo","V. Oladipo","*FA","GF","https://sports.ws/nba/victor-oladipo","victor_oladipo"
"/nba/victor-wembanyama","V. Wembanyama","SAS","C","https://sports.ws/nba/victor-wembanyama","victor_wembanyama"
"/nba/vince-williams","V. Williams Jr.","MEM","G","https://sports.ws/nba/vince-williams","vince_williams"
"/nba/vincent-poirier","V. Poirier","*FA","C","https://sports.ws/nba/vincent-poirier","vincent_poirier"
"/nba/vit-krejci","V. Krejci","ATL","G","https://sports.ws/nba/vit-krejci","vit_krejci"
"/nba/vlatko-cancar","V. Cancar","DEN","F","https://sports.ws/nba/vlatko-cancar","vlatko_cancar"
"/nba/walker-kessler","W. Kessler","UTA","C","https://sports.ws/nba/walker-kessler","walker_kessler"
"/nba/wayne-ellington","W. Ellington","*FA","GF","https://sports.ws/nba/wayne-ellington","wayne_ellington"
"/nba/wayne-selden","W. Selden","*FA","G","https://sports.ws/nba/wayne-selden","wayne_selden"
"/nba/wendell-carter-jr","W. Carter Jr.","ORL","C","https://sports.ws/nba/wendell-carter-jr","wendell_carter_jr"
"/nba/wendell-moore","W. Moore Jr.","MIN","GF","https://sports.ws/nba/wendell-moore","wendell_moore"
"/nba/wenyen-gabriel","W. Gabriel","MEM","FC","https://sports.ws/nba/wenyen-gabriel","wenyen_gabriel"
"/nba/wesley-iwundu","W. Iwundu","*FA","F","https://sports.ws/nba/wesley-iwundu","wesley_iwundu"
"/nba/wesley-matthews","W. Matthews","ATL","GF","https://sports.ws/nba/wesley-matthews","wesley_matthews"
"/nba/will-barton","W. Barton","*FA","GF","https://sports.ws/nba/will-barton","will_barton"
"/nba/will-magnay","W. Magnay","*FA","C","https://sports.ws/nba/will-magnay","will_magnay"
"/nba/willie-cauley-stein","W. Cauley-Stein","*FA","C","https://sports.ws/nba/willie-cauley-stein","willie_cauley_stein"
"/nba/willy-hernangomez","W. Hernangomez","*FA","C","https://sports.ws/nba/willy-hernangomez","willy_hernangomez"
"/nba/xavier-cooks","X. Cooks","*FA","F","https://sports.ws/nba/xavier-cooks","xavier_cooks"
"/nba/xavier-moon","X. Moon","LAC","G","https://sports.ws/nba/xavier-moon","xavier_moon"
"/nba/xavier-sneed","X. Sneed","*FA","F","https://sports.ws/nba/xavier-sneed","xavier_sneed"
"/nba/xavier-tillman","X. Tillman","BOS","FC","https://sports.ws/nba/xavier-tillman","xavier_tillman"
"/nba/yogi-ferrell","Y. Ferrell","*FA","G","https://sports.ws/nba/yogi-ferrell","yogi_ferrell"
"/nba/yuta-watanabe","Y. Watanabe","MEM","F","https://sports.ws/nba/yuta-watanabe","yuta_watanabe"
"/nba/yves-pons","Y. Pons","*FA","GF","https://sports.ws/nba/yves-pons","yves_pons"
"/nba/zach-collins","Z. Collins","SAS","C","https://sports.ws/nba/zach-collins","zach_collins"
"/nba/zach-lavine","Z. LaVine","CHI","GF","https://sports.ws/nba/zach-lavine","zach_lavine"
"/nba/zavier-simpson","Z. Simpson","MEM","G","https://sports.ws/nba/zavier-simpson","zavier_simpson"
"/nba/zeke-nnaji","Z. Nnaji","DEN","FC","https://sports.ws/nba/zeke-nnaji","zeke_nnaji"
"/nba/zhaire-smith","Z. Smith","*FA","GF","https://sports.ws/nba/zhaire-smith","zhaire_smith"
"/nba/ziaire-williams","Z. Williams","MEM","F","https://sports.ws/nba/ziaire-williams","ziaire_williams"
"/nba/zion-williamson","Z. Williamson","NOP","F","https://sports.ws/nba/zion-williamson","zion_williamson"
"/nba/zylan-cheatham","Z. Cheatham","*FA","F","https://sports.ws/nba/zylan-cheatham","zylan_cheatham"
