Name,Player Link,Player Key,Position
A. Pony,https://sports.ws/nba/a-pony,a-pony,G
A. Gordon,https://sports.ws/nba/aaron-gordon,aaron-gordon,F
A. Henry,https://sports.ws/nba/aaron-henry,aaron-henry,F
A. Holiday,https://sports.ws/nba/aaron-holiday,aaron-holiday,G
A. Nesmith,https://sports.ws/nba/aaron-nesmith,aaron-nesmith,F
A. Wiggins,https://sports.ws/nba/aaron-wiggins,aaron-wiggins,GF
A. Nader,https://sports.ws/nba/abdel-nader,abdel-nader,F
A. Bailey,https://sports.ws/nba/ace-bailey,ace-bailey,F
A. Flagler,https://sports.ws/nba/adam-flagler,adam-flagler,G
A. Mokoka,https://sports.ws/nba/adam-mokoka,adam-mokoka,GF
A. Sanogo,https://sports.ws/nba/adama-sanogo,adama-sanogo,C
A. Murkey,https://sports.ws/nba/ade-murkey,ade-murkey,F
A. Bona,https://sports.ws/nba/adem-bona,adem-bona,C
A. Schofield,https://sports.ws/nba/admiral-schofield,admiral-schofield,FC
A. Thiero,https://sports.ws/nba/adou-thiero,adou-thiero,F
A. Caver,https://sports.ws/nba/ahmad-caver,ahmad-caver,G
A. Green,https://sports.ws/nba/aj-green,aj-green,G
A. Griffin,https://sports.ws/nba/aj-griffin,aj-griffin,F
A. Johnson,https://sports.ws/nba/aj-johnson,aj-johnson,G
A. Lawson,https://sports.ws/nba/aj-lawson,aj-lawson,GF
A. Mitchell,https://sports.ws/nba/ajay-mitchell,ajay-mitchell,GF
A. Aminu,https://sports.ws/nba/al-farouq-aminu,al-farouq-aminu,F
A. Horford,https://sports.ws/nba/al-horford,al-horford,FC
A. Burks,https://sports.ws/nba/alec-burks,alec-burks,GF
A. Pokusevski,https://sports.ws/nba/aleksej-pokusevski,aleksej-pokusevski,FC
A. Smailagic,https://sports.ws/nba/alen-smailagic,alen-smailagic,FC
A. Caruso,https://sports.ws/nba/alex-caruso,alex-caruso,GF
A. Ducas,https://sports.ws/nba/alex-ducas,alex-ducas,GF
A. Fudge,https://sports.ws/nba/alex-fudge,alex-fudge,F
A. Len,https://sports.ws/nba/alex-len,alex-len,C
A. Reese,https://sports.ws/nba/alex-reese,alex-reese,FC
A. Sarr,https://sports.ws/nba/alex-sarr,alex-sarr,C
A. Toohey,https://sports.ws/nba/alex-toohey,alex-toohey,F
A. McKinnie,https://sports.ws/nba/alfonzo-mckinnie,alfonzo-mckinnie,F
A. Martin,https://sports.ws/nba/alijah-martin,alijah-martin,G
A. Johnson,https://sports.ws/nba/alize-johnson,alize-johnson,GF
A. Williams,https://sports.ws/nba/alondes-williams,alondes-williams,G
A. Sengun,https://sports.ws/nba/alperen-sengun,alperen-sengun,C
A. Bailey,https://sports.ws/nba/amari-bailey,amari-bailey,G
A. Williams,https://sports.ws/nba/amari-williams,amari-williams,C
A. Thompson,https://sports.ws/nba/amen-thompson,amen-thompson,F
A. Brimah,https://sports.ws/nba/amida-brimah,amida-brimah,C
A. Coffey,https://sports.ws/nba/amir-coffey,amir-coffey,F
A. Varejao,https://sports.ws/nba/anderson-varejao,anderson-varejao,C
A. Drummond,https://sports.ws/nba/andre-drummond,andre-drummond,C
A. Iguodala,https://sports.ws/nba/andre-iguodala,andre-iguodala,F
A. Jackson Jr.,https://sports.ws/nba/andre-jackson-jr,andre-jackson,GF
A. Roberson,https://sports.ws/nba/andre-roberson,andre-roberson,F
A. Funk,https://sports.ws/nba/andrew-funk,andrew-funk,G
A. Nembhard,https://sports.ws/nba/andrew-nembhard,andrew-nembhard,G
A. Wiggins,https://sports.ws/nba/andrew-wiggins,andrew-wiggins,F
A. Simons,https://sports.ws/nba/anfernee-simons,anfernee-simons,G
A. Black,https://sports.ws/nba/anthony-black,anthony-black,G
A. Davis,https://sports.ws/nba/anthony-davis,anthony-davis,C
A. Edwards,https://sports.ws/nba/anthony-edwards,anthony-edwards,GF
A. Gill,https://sports.ws/nba/anthony-gill,anthony-gill,F
A. Lamb,https://sports.ws/nba/anthony-lamb,anthony-lamb,F
A. Tolliver,https://sports.ws/nba/anthony-tolliver,anthony-tolliver,FC
A. Watson,https://sports.ws/nba/anton-watson,anton-watson,FC
A. Reeves,https://sports.ws/nba/antonio-reeves,antonio-reeves,GF
A. Pasecniks,https://sports.ws/nba/anzejs-pasecniks,anzejs-pasecniks,C
A. Hukporti,https://sports.ws/nba/ariel-hukporti,ariel-hukporti,C
A. Traore,https://sports.ws/nba/armel-traore,armel-traore,F
A. Brooks,https://sports.ws/nba/armoni-brooks,armoni-brooks,G
A. Kulboka,https://sports.ws/nba/arnoldas-kulboka,arnoldas-kulboka,F
A. Baynes,https://sports.ws/nba/aron-baynes,aron-baynes,C
A. Newell,https://sports.ws/nba/asa-newell,asa-newell,F
A. Hagans,https://sports.ws/nba/ashton-hagans,ashton-hagans,G
A. Thompson,https://sports.ws/nba/ausar-thompson,ausar-thompson,F
A. Reaves,https://sports.ws/nba/austin-reaves,austin-reaves,G
A. Rivers,https://sports.ws/nba/austin-rivers,austin-rivers,G
A. Bradley,https://sports.ws/nba/avery-bradley,avery-bradley,G
A. Toupane,https://sports.ws/nba/axel-toupane,axel-toupane,GF
A. Dosunmu,https://sports.ws/nba/ayo-dosunmu,ayo-dosunmu,GF
A. Tubelis,https://sports.ws/nba/azuolas-tubelis,azuolas-tubelis,F
B. Adebayo,https://sports.ws/nba/bam-adebayo,bam-adebayo,FC
B. Stinson,https://sports.ws/nba/barney-stinson,barney-stinson,G
B. Scheierman,https://sports.ws/nba/baylor-scheierman,baylor-scheierman,GF
B. McLemore,https://sports.ws/nba/ben-mclemore,ben-mclemore,G
B. Saraf,https://sports.ws/nba/ben-saraf,ben-saraf,G
B. Sheppard,https://sports.ws/nba/ben-sheppard,ben-sheppard,G
B. Simmons,https://sports.ws/nba/ben-simmons,ben-simmons,G
B. Mathurin,https://sports.ws/nba/bennedict-mathurin,bennedict-mathurin,F
B. Coulibaly,https://sports.ws/nba/bilal-coulibaly,bilal-coulibaly,F
B. Biyombo,https://sports.ws/nba/bismack-biyombo,bismack-biyombo,C
B. Johnson,https://sports.ws/nba/bj-johnson,bj-johnson,GF
B. Griffin,https://sports.ws/nba/blake-griffin,blake-griffin,FC
B. Hinson,https://sports.ws/nba/blake-hinson,blake-hinson,G
B. Wesley,https://sports.ws/nba/blake-wesley,blake-wesley,GF
B. Marjanovic,https://sports.ws/nba/boban-marjanovic,boban-marjanovic,C
B. Portis,https://sports.ws/nba/bobby-portis,bobby-portis,F
B. Klintman,https://sports.ws/nba/bobi-klintman,bobi-klintman,F
B. Bogdanovic,https://sports.ws/nba/bogdan-bogdanovic,bogdan-bogdanovic,GF
B. Marković,https://sports.ws/nba/bogoljub-markovic,bogoljub-markovic,F
B. Bogdanovic,https://sports.ws/nba/bojan-bogdanovic,bojan-bogdanovic,F
B. Bol,https://sports.ws/nba/bol-bol,bol-bol,FC
B. Hyland,https://sports.ws/nba/bones-hyland,bones-hyland,G
B. Buie,https://sports.ws/nba/boo-buie,boo-buie,G
B. Wanamaker,https://sports.ws/nba/brad-wanamaker,brad-wanamaker,G
B. Beal,https://sports.ws/nba/bradley-beal,bradley-beal,G
B. Carlson,https://sports.ws/nba/branden-carlson,branden-carlson,C
B. Podziemski,https://sports.ws/nba/brandin-podziemski,brandin-podziemski,GF
B. Boston Jr.,https://sports.ws/nba/brandon-boston,brandon-boston,GF
B. Clarke,https://sports.ws/nba/brandon-clarke,brandon-clarke,F
B. Goodwin,https://sports.ws/nba/brandon-goodwin,brandon-goodwin,G
B. Ingram,https://sports.ws/nba/brandon-ingram,brandon-ingram,F
B. Knight,https://sports.ws/nba/brandon-knight,brandon-knight,G
B. Miller,https://sports.ws/nba/brandon-miller,brandon-miller,F
B. Williams,https://sports.ws/nba/brandon-williams,brandon-williams,G
B. Key,https://sports.ws/nba/braxton-key,braxton-key,F
B. Bowen II,https://sports.ws/nba/brian-bowen,brian-bowen,GF
B. Sensabaugh,https://sports.ws/nba/brice-sensabaugh,brice-sensabaugh,F
B. Thomas,https://sports.ws/nba/brodric-thomas,brodric-thomas,G
B. James,https://sports.ws/nba/bronny-james,bronny-james,G
B. Lopez,https://sports.ws/nba/brook-lopez,brook-lopez,C
B. Barnhizer,https://sports.ws/nba/brooks-barnhizer,brooks-barnhizer,F
B. Brown,https://sports.ws/nba/bruce-brown-jr,bruce-brown,G
B. Caboclo,https://sports.ws/nba/bruno-caboclo,bruno-caboclo,FC
B. Fernando,https://sports.ws/nba/bruno-fernando,bruno-fernando,C
B. McGowens,https://sports.ws/nba/bryce-mcgowens,bryce-mcgowens,G
B. Forbes,https://sports.ws/nba/bryn-forbes,bryn-forbes,G
B. Carrington,https://sports.ws/nba/bub-carrington,bub-carrington,G
B. Boeheim,https://sports.ws/nba/buddy-boeheim,buddy-boeheim,F
B. Hield,https://sports.ws/nba/buddy-hield,buddy-hield,GF
C. Cunningham,https://sports.ws/nba/cade-cunningham,cade-cunningham,G
C. Houstan,https://sports.ws/nba/caleb-houstan,caleb-houstan,GF
C. Love,https://sports.ws/nba/caleb-love,caleb-love,GF
C. Martin,https://sports.ws/nba/caleb-martin,caleb-martin,GF
C. Christie,https://sports.ws/nba/cam-christie,cam-christie,G
C. Reddish,https://sports.ws/nba/cam-reddish,cam-reddish,F
C. Spencer,https://sports.ws/nba/cam-spencer,cam-spencer,G
C. Thomas,https://sports.ws/nba/cam-thomas,cam-thomas,GF
C. Whitmore,https://sports.ws/nba/cam-whitmore,cam-whitmore,F
C. Johnson,https://sports.ws/nba/cameron-johnson,cameron-johnson,F
C. Oliver,https://sports.ws/nba/cameron-oliver,cameron-oliver,FC
C. Payne,https://sports.ws/nba/cameron-payne,cameron-payne,G
C. LeVert,https://sports.ws/nba/caris-levert,caris-levert,GF
C. Jones,https://sports.ws/nba/carlik-jones,carlik-jones,G
C. Anthony,https://sports.ws/nba/carmelo-anthony,carmelo-anthony,FC
C. Edwards,https://sports.ws/nba/carsen-edwards,carsen-edwards,G
C. Bryant,https://sports.ws/nba/carter-bryant,carter-bryant,F
C. Wallace,https://sports.ws/nba/cason-wallace,cason-wallace,GF
C. Stanley,https://sports.ws/nba/cassius-stanley,cassius-stanley,GF
C. Winston,https://sports.ws/nba/cassius-winston,cassius-winston,G
C. Barber,https://sports.ws/nba/cat-barber,cat-barber,G
C. Osman,https://sports.ws/nba/cedi-osman,cedi-osman,F
C. Coward,https://sports.ws/nba/cedric-coward,cedric-coward,F
C. Comanche,https://sports.ws/nba/chance-comanche,chance-comanche,FC
C. Hutchison,https://sports.ws/nba/chandler-hutchison,chandler-hutchison,F
C. Bassey,https://sports.ws/nba/charles-bassey,charles-bassey,C
C. Bediako,https://sports.ws/nba/charles-bediako,charles-bediako,FC
C. Brown Jr.,https://sports.ws/nba/charlie-brown-jr,charlie-brown,GF
C. Randle,https://sports.ws/nba/chasson-randle,chasson-randle,G
C. Brown,https://sports.ws/nba/chaundee-brown,chaundee-brown,
C. Lanier,https://sports.ws/nba/chaz-lanier,chaz-lanier,G
C. Diallo,https://sports.ws/nba/cheick-diallo,cheick-diallo,C
C. Holmgren,https://sports.ws/nba/chet-holmgren,chet-holmgren,FC
C. Moneke,https://sports.ws/nba/chima-moneke,chima-moneke,F
C. Metu,https://sports.ws/nba/chimezie-metu,chimezie-metu,FC
C. Boucher,https://sports.ws/nba/chris-boucher,chris-boucher,F
C. Chiozza,https://sports.ws/nba/chris-chiozza,chris-chiozza,G
C. Duarte,https://sports.ws/nba/chris-duarte,chris-duarte,G
C. Livingston,https://sports.ws/nba/chris-livingston,chris-livingston,FC
C. Paul,https://sports.ws/nba/chris-paul,chris-paul,G
C. Silva,https://sports.ws/nba/chris-silva,chris-silva,F
C. Braun,https://sports.ws/nba/christian-braun,christian-braun,GF
C. Koloko,https://sports.ws/nba/christian-koloko,christian-koloko,C
C. Wood,https://sports.ws/nba/christian-wood,christian-wood,F
C. Okeke,https://sports.ws/nba/chuma-okeke,chuma-okeke,F
C. Elleby,https://sports.ws/nba/cj-elleby,cj-elleby,F
C. McCollum,https://sports.ws/nba/cj-mccollum,cj-mccollum,G
C. Miles,https://sports.ws/nba/cj-miles,cj-miles,G
C. Capela,https://sports.ws/nba/clint-capela,clint-capela,C
C. White,https://sports.ws/nba/coby-white,coby-white,G
C. Martin,https://sports.ws/nba/cody-martin,cody-martin,GF
C. Williams,https://sports.ws/nba/cody-williams,cody-williams,GF
C. Zeller,https://sports.ws/nba/cody-zeller,cody-zeller,C
C. Jones,https://sports.ws/nba/colby-jones,colby-jones,GF
C. Anthony,https://sports.ws/nba/cole-anthony,cole-anthony,G
C. Swider,https://sports.ws/nba/cole-swider,cole-swider,F
C. Castleton,https://sports.ws/nba/colin-castleton,colin-castleton,FC
C. Gillespie,https://sports.ws/nba/collin-gillespie,collin-gillespie,G
C. Murray-Boyles,https://sports.ws/nba/collin-murray-boyles,collin-murray-boyles,F
C. Sexton,https://sports.ws/nba/collin-sexton,collin-sexton,G
C. Flagg,https://sports.ws/nba/cooper-flagg,cooper-flagg,F
C. Kispert,https://sports.ws/nba/corey-kispert,corey-kispert,F
C. Joseph,https://sports.ws/nba/cory-joseph,cory-joseph,G
C. Porter,https://sports.ws/nba/craig-porter,craig-porter,G
C. Felicio,https://sports.ws/nba/cristiano-felicio,cristiano-felicio,C
D. Plowden,https://sports.ws/nba/daeqwon-plowden,daeqwon-plowden,F
D. Nix,https://sports.ws/nba/daishen-nix,daishen-nix,G
D. Mathias,https://sports.ws/nba/dakota-mathias,dakota-mathias,G
D. Banton,https://sports.ws/nba/dalano-banton,dalano-banton,G
D. Terry,https://sports.ws/nba/dalen-terry,dalen-terry,GF
D. Knecht,https://sports.ws/nba/dalton-knecht,dalton-knecht,GF
D. Jones,https://sports.ws/nba/damian-jones,damian-jones,C
D. Lillard,https://sports.ws/nba/damian-lillard,damian-lillard,G
D. Baugh,https://sports.ws/nba/damion-baugh,damion-baugh,G
D. Lee,https://sports.ws/nba/damion-lee,damion-lee,GF
D. Dotson,https://sports.ws/nba/damyean-dotson,damyean-dotson,G
D. Russell,https://sports.ws/nba/dangelo-russell,dangelo-russell,G
D. Gafford,https://sports.ws/nba/daniel-gafford,daniel-gafford,C
D. Oturu,https://sports.ws/nba/daniel-oturu,daniel-oturu,C
D. Theis,https://sports.ws/nba/daniel-theis,daniel-theis,C
D. Gallinari,https://sports.ws/nba/danilo-gallinari,danilo-gallinari,FC
D. Jenkins,https://sports.ws/nba/daniss-jenkins,daniss-jenkins,G
D. Green,https://sports.ws/nba/danny-green,danny-green,GF
D. Wolf,https://sports.ws/nba/danny-wolf,danny-wolf,FC
D. Exum,https://sports.ws/nba/dante-exum,dante-exum,G
D. House Jr.,https://sports.ws/nba/danuel-house,danuel-house,GF
D. Jeffries,https://sports.ws/nba/daquan-jeffries,daquan-jeffries,F
D. Saric,https://sports.ws/nba/dario-saric,dario-saric,C
D. Whitehead,https://sports.ws/nba/dariq-whitehead,dariq-whitehead,G
D. Bazley,https://sports.ws/nba/darius-bazley,darius-bazley,F
D. Days,https://sports.ws/nba/darius-days,darius-days,F
D. Garland,https://sports.ws/nba/darius-garland,darius-garland,G
D. Miller,https://sports.ws/nba/darius-miller,darius-miller,GF
D. Holmes II,https://sports.ws/nba/daron-holmes,daron-holmes,F
D. Collison,https://sports.ws/nba/darren-collison,darren-collison,G
D. Duke Jr.,https://sports.ws/nba/david-duke,david-duke,GF
D. Johnson,https://sports.ws/nba/david-johnson,david-johnson,G
D. Jones,https://sports.ws/nba/david-jones,david-jones,F
D. Nwaba,https://sports.ws/nba/david-nwaba,david-nwaba,F
D. Roddy,https://sports.ws/nba/david-roddy,david-roddy,F
D. Mitchell,https://sports.ws/nba/davion-mitchell,davion-mitchell,G
D. Bertans,https://sports.ws/nba/davis-bertans,davis-bertans,FC
D. Reed,https://sports.ws/nba/davon-reed,davon-reed,GF
D. Sharpe,https://sports.ws/nba/dayron-sharpe,dayron-sharpe,C
D. Fox,https://sports.ws/nba/deaaron-fox,deaaron-fox,G
D. Wade,https://sports.ws/nba/dean-wade,dean-wade,F
D. Ayton,https://sports.ws/nba/deandre-ayton,deandre-ayton,C
D. Bembry,https://sports.ws/nba/deandre-bembry,deandre-bembry,F
D. Hunter,https://sports.ws/nba/deandre-hunter,deandre-hunter,F
D. Jordan,https://sports.ws/nba/deandre-jordan,deandre-jordan,C
D. Melton,https://sports.ws/nba/deanthony-melton,deanthony-melton,G
D. Sirvydis,https://sports.ws/nba/deividas-sirvydis,deividas-sirvydis,F
D. Jarreau,https://sports.ws/nba/dejon-jarreau,dejon-jarreau,G
D. Murray,https://sports.ws/nba/dejounte-murray,dejounte-murray,G
D. Wright,https://sports.ws/nba/delon-wright,delon-wright,G
D. DeRozan,https://sports.ws/nba/demar-derozan,demar-derozan,F
D. Cousins,https://sports.ws/nba/demarcus-cousins,demarcus-cousins,C
D. Avdija,https://sports.ws/nba/deni-avdija,deni-avdija,GF
D. Schroder,https://sports.ws/nba/dennis-schroder,dennis-schroder,G
D. Smith Jr.,https://sports.ws/nba/dennis-smith-jr,dennis-smith,G
D. Valentine,https://sports.ws/nba/denzel-valentine,denzel-valentine,GF
D. Burton,https://sports.ws/nba/deonte-burton,deonte-burton,F
D. Lively II,https://sports.ws/nba/dereck-lively,dereck-lively,C
D. Seabron,https://sports.ws/nba/dereon-seabron,dereon-seabron,GF
D. Queen,https://sports.ws/nba/derik-queen,derik-queen,C
D. Favors,https://sports.ws/nba/derrick-favors,derrick-favors,C
D. Jones Jr.,https://sports.ws/nba/derrick-jones-jr,derrick-jones,F
D. Rose,https://sports.ws/nba/derrick-rose,derrick-rose,G
D. Walton Jr.,https://sports.ws/nba/derrick-walton-jr,derrick-walton,G
D. White,https://sports.ws/nba/derrick-white,derrick-white,G
D. Bane,https://sports.ws/nba/desmond-bane,desmond-bane,GF
D. Booker,https://sports.ws/nba/devin-booker,devin-booker,GF
D. Cannady,https://sports.ws/nba/devin-cannady,devin-cannady,G
D. Carter,https://sports.ws/nba/devin-carter,devin-carter,G
D. Vassell,https://sports.ws/nba/devin-vassell,devin-vassell,GF
D. Dotson,https://sports.ws/nba/devon-dotson,devon-dotson,G
D. Cacok,https://sports.ws/nba/devontae-cacok,devontae-cacok,F
D. Graham,https://sports.ws/nba/devonte-graham,devonte-graham,G
D. Dedmon,https://sports.ws/nba/dewayne-dedmon,dewayne-dedmon,C
D. Dennis,https://sports.ws/nba/dexter-dennis,dexter-dennis,GF
D. Brooks,https://sports.ws/nba/dillon-brooks,dillon-brooks,GF
D. Jones,https://sports.ws/nba/dillon-jones,dillon-jones,F
D. Augustin,https://sports.ws/nba/dj-augustin,dj-augustin,G
D. Carton,https://sports.ws/nba/dj-carton,dj-carton,G
D. Steward,https://sports.ws/nba/dj-steward,dj-steward,G
D. Wilson,https://sports.ws/nba/dj-wilson,dj-wilson,C
D. Hodge,https://sports.ws/nba/dmoi-hodge,dmoi-hodge,G
D. Skapintsev,https://sports.ws/nba/dmytro-skapintsev,dmytro-skapintsev,C
D. Sabonis,https://sports.ws/nba/domantas-sabonis,domantas-sabonis,C
D. Barlow,https://sports.ws/nba/dominick-barlow,dominick-barlow,FC
D. Clingan,https://sports.ws/nba/donovan-clingan,donovan-clingan,C
D. Mitchell,https://sports.ws/nba/donovan-mitchell,donovan-mitchell,G
D. Williams,https://sports.ws/nba/donovan-williams,donovan-williams,F
D. Hall,https://sports.ws/nba/donta-hall,donta-hall,FC
D. DiVincenzo,https://sports.ws/nba/donte-divincenzo,donte-divincenzo,G
D. Finney-Smith,https://sports.ws/nba/dorian-finney-smith,dorian-finney-smith,F
D. McDermott,https://sports.ws/nba/doug-mcdermott,doug-mcdermott,F
D. Powell,https://sports.ws/nba/drake-powell,drake-powell,G
D. Green,https://sports.ws/nba/draymond-green,draymond-green,FC
D. Eubanks,https://sports.ws/nba/drew-eubanks,drew-eubanks,FC
D. Peterson,https://sports.ws/nba/drew-peterson,drew-peterson,F
D. Timme,https://sports.ws/nba/drew-timme,drew-timme,C
D. Smith,https://sports.ws/nba/dru-smith,dru-smith,G
D. Washington Jr.,https://sports.ws/nba/duane-washington,duane-washington,G
D. Robinson,https://sports.ws/nba/duncan-robinson,duncan-robinson,GF
D. Reath,https://sports.ws/nba/duop-reath,duop-reath,C
D. Bacon,https://sports.ws/nba/dwayne-bacon,dwayne-bacon,GF
D. Howard,https://sports.ws/nba/dwight-howard,dwight-howard,C
D. Powell,https://sports.ws/nba/dwight-powell,dwight-powell,C
D. Harper,https://sports.ws/nba/dylan-harper,dylan-harper,G
D. Windler,https://sports.ws/nba/dylan-windler,dylan-windler,F
D. Daniels,https://sports.ws/nba/dyson-daniels,dyson-daniels,GF
E. Davis,https://sports.ws/nba/ed-davis,ed-davis,C
E. Sumner,https://sports.ws/nba/edmond-sumner,edmond-sumner,G
E. Tavares,https://sports.ws/nba/edy-tavares,edy-tavares,C
E. Demin,https://sports.ws/nba/egor-demin,egor-demin,G
E. Liddell,https://sports.ws/nba/ej-liddell,ej-liddell,FC
E. Payton,https://sports.ws/nba/elfrid-payton,elfrid-payton,G
E. Bryant,https://sports.ws/nba/elijah-bryant,elijah-bryant,GF
E. Harkless,https://sports.ws/nba/elijah-harkless,elijah-harkless,GF
E. Hughes,https://sports.ws/nba/elijah-hughes,elijah-hughes,GF
E. Miller,https://sports.ws/nba/emanuel-miller,emanuel-miller,F
E. Terry,https://sports.ws/nba/emanuel-terry,emanuel-terry,C
E. Mudiay,https://sports.ws/nba/emmanuel-mudiay,emmanuel-mudiay,G
E. Bates,https://sports.ws/nba/emoni-bates,emoni-bates,F
E. Kanter,https://sports.ws/nba/enes-kanter,enes-kanter,C
E. Freeman,https://sports.ws/nba/enrique-freeman,enrique-freeman,F
E. Bledsoe,https://sports.ws/nba/eric-bledsoe,eric-bledsoe,G
E. Dixon,https://sports.ws/nba/eric-dixon,eric-dixon,F
E. Gordon,https://sports.ws/nba/eric-gordon,eric-gordon,GF
E. Paschall,https://sports.ws/nba/eric-paschall,eric-paschall,F
E. Stevenson,https://sports.ws/nba/erik-stevenson,erik-stevenson,G
E. Ilyasova,https://sports.ws/nba/ersan-ilyasova,ersan-ilyasova,FC
E. Thompson,https://sports.ws/nba/ethan-thompson,ethan-thompson,G
E. Moore,https://sports.ws/nba/etwaun-moore,etwaun-moore,G
E. Omoruyi,https://sports.ws/nba/eugene-omoruyi,eugene-omoruyi,F
E. Fournier,https://sports.ws/nba/evan-fournier,evan-fournier,GF
E. Mobley,https://sports.ws/nba/evan-mobley,evan-mobley,FC
F. Campazzo,https://sports.ws/nba/facundo-campazzo,facundo-campazzo,G
F. Petrusev,https://sports.ws/nba/filip-petrusev,filip-petrusev,FC
F. Jackson,https://sports.ws/nba/frank-jackson,frank-jackson,G
F. Kaminsky,https://sports.ws/nba/frank-kaminsky,frank-kaminsky,C
F. Mason,https://sports.ws/nba/frank-mason,frank-mason,G
F. Ntilikina,https://sports.ws/nba/frank-ntilikina,frank-ntilikina,G
F. Wagner,https://sports.ws/nba/franz-wagner,franz-wagner,F
F. VanVleet,https://sports.ws/nba/fred-vanvleet,fred-vanvleet,G
F. Gillespie,https://sports.ws/nba/freddie-gillespie,freddie-gillespie,FC
F. Korkmaz,https://sports.ws/nba/furkan-korkmaz,furkan-korkmaz,GF
G. Vincent,https://sports.ws/nba/gabe-vincent,gabe-vincent,G
G. York,https://sports.ws/nba/gabe-york,gabe-york,G
G. Deck,https://sports.ws/nba/gabriel-deck,gabriel-deck,F
G. Lundberg,https://sports.ws/nba/gabriel-lundberg,gabriel-lundberg,GF
G. Procida,https://sports.ws/nba/gabriele-procida,gabriele-procida,G
G. Temple,https://sports.ws/nba/garrett-temple,garrett-temple,G
G. Mathews,https://sports.ws/nba/garrison-mathews,garrison-mathews,GF
G. Clark,https://sports.ws/nba/gary-clark,gary-clark,F
G. Harris,https://sports.ws/nba/gary-harris,gary-harris,GF
G. Payton II,https://sports.ws/nba/gary-payton-ii,gary-payton,G
G. Trent Jr.,https://sports.ws/nba/gary-trent-jr,gary-trent,GF
G. Hill,https://sports.ws/nba/george-hill,george-hill,G
G. King b.1994,https://sports.ws/nba/george-king-1994,george-king-1994,F
G. Niang,https://sports.ws/nba/georges-niang,georges-niang,F
G. Kalaitzakis,https://sports.ws/nba/georgios-kalaitzakis,georgios-kalaitzakis,F
G. Jackson II,https://sports.ws/nba/gg-jackson,gg-jackson,F
G. Antetokounmpo,https://sports.ws/nba/giannis-antetokounmpo,giannis-antetokounmpo,FC
G. Robinson III,https://sports.ws/nba/glenn-robinson-iii,glenn-robinson,
G. Bitadze,https://sports.ws/nba/goga-bitadze,goga-bitadze,C
G. Dragic,https://sports.ws/nba/goran-dragic,goran-dragic,G
G. Hayward,https://sports.ws/nba/gordon-hayward,gordon-hayward,GF
G. Dieng,https://sports.ws/nba/gorgui-dieng,gorgui-dieng,FC
G. Dick,https://sports.ws/nba/gradey-dick,gradey-dick,GF
G. Riller,https://sports.ws/nba/grant-riller,grant-riller,G
G. Williams,https://sports.ws/nba/grant-williams,grant-williams,F
G. Allen,https://sports.ws/nba/grayson-allen,grayson-allen,G
G. Brown III,https://sports.ws/nba/greg-brown,greg-brown,F
G. Monroe,https://sports.ws/nba/greg-monroe,greg-monroe,C
G. Whittington,https://sports.ws/nba/greg-whittington,greg-whittington,GF
G. Yabusele,https://sports.ws/nba/guerschon-yabusele,guerschon-yabusele,FC
G. Santos,https://sports.ws/nba/gui-santos,gui-santos,F
H. Diallo,https://sports.ws/nba/hamidou-diallo,hamidou-diallo,G
H. Barnes,https://sports.ws/nba/harrison-barnes,harrison-barnes,F
H. Ingram,https://sports.ws/nba/harrison-ingram,harrison-ingram,FC
H. Giles III,https://sports.ws/nba/harry-giles,harry-giles,FC
H. Whiteside,https://sports.ws/nba/hassan-whiteside,hassan-whiteside,C
H. Gravett,https://sports.ws/nba/hassani-gravett,hassani-gravett,G
H. Highsmith,https://sports.ws/nba/haywood-highsmith,haywood-highsmith,F
H. Drell,https://sports.ws/nba/henri-drell,henri-drell,F
H. Ellenson,https://sports.ws/nba/henry-ellenson,henry-ellenson,FC
H. Jones,https://sports.ws/nba/herbert-jones,herbert-jones,F
H. Besson,https://sports.ws/nba/hugo-besson,hugo-besson,G
H. González,https://sports.ws/nba/hugo-gonzalez,hugo-gonzalez,F
H. Sallis,https://sports.ws/nba/hunter-sallis,hunter-sallis,G
H. Tyson,https://sports.ws/nba/hunter-tyson,hunter-tyson,F
I. Badji,https://sports.ws/nba/ibou-badji,ibou-badji,C
I. Brazdeikis,https://sports.ws/nba/ignas-brazdeikis,ignas-brazdeikis,GF
I. Shumpert,https://sports.ws/nba/iman-shumpert,iman-shumpert,F
I. Quickley,https://sports.ws/nba/immanuel-quickley,immanuel-quickley,G
I. Bonga,https://sports.ws/nba/isaac-bonga,isaac-bonga,GF
I. Jones,https://sports.ws/nba/isaac-jones,isaac-jones,FC
I. Okoro,https://sports.ws/nba/isaac-okoro,isaac-okoro,GF
I. Collier,https://sports.ws/nba/isaiah-collier,isaiah-collier,G
I. Crawford,https://sports.ws/nba/isaiah-crawford,isaiah-crawford,F
I. Hartenstein,https://sports.ws/nba/isaiah-hartenstein,isaiah-hartenstein,C
I. Jackson,https://sports.ws/nba/isaiah-jackson,isaiah-jackson,C
I. Joe,https://sports.ws/nba/isaiah-joe,isaiah-joe,G
I. Livers,https://sports.ws/nba/isaiah-livers,isaiah-livers,F
I. Mobley,https://sports.ws/nba/isaiah-mobley,isaiah-mobley,C
I. Roby,https://sports.ws/nba/isaiah-roby,isaiah-roby,F
I. Stevens,https://sports.ws/nba/isaiah-stevens,isaiah-stevens,G
I. Stewart,https://sports.ws/nba/isaiah-stewart,isaiah-stewart,C
I. Thomas,https://sports.ws/nba/isaiah-thomas,isaiah-thomas,G
I. Todd,https://sports.ws/nba/isaiah-todd,isaiah-todd,FC
I. Wong,https://sports.ws/nba/isaiah-wong,isaiah-wong,G
I. Smith,https://sports.ws/nba/ish-smith,ish-smith,G
I. Wainright,https://sports.ws/nba/ish-wainright,ish-wainright,F
I. Kamagate,https://sports.ws/nba/ismael-kamagate,ismael-kamagate,G
I. Zubac,https://sports.ws/nba/ivica-zubac,ivica-zubac,C
I. Brockington,https://sports.ws/nba/izaiah-brockington,izaiah-brockington,G
J. Morant,https://sports.ws/nba/ja-morant,ja-morant,G
J. Parker,https://sports.ws/nba/jabari-parker,jabari-parker,FC
J. Smith Jr.,https://sports.ws/nba/jabari-smith-jr,jabari-smith,F
J. Walker,https://sports.ws/nba/jabari-walker,jabari-walker,FC
J. McVeigh,https://sports.ws/nba/jack-mcveigh,jack-mcveigh,FC
J. White,https://sports.ws/nba/jack-white,jack-white,F
J. Rowe,https://sports.ws/nba/jackson-rowe,jackson-rowe,F
J. Gilyard,https://sports.ws/nba/jacob-gilyard,jacob-gilyard,G
J. Toppin,https://sports.ws/nba/jacob-toppin,jacob-toppin,F
J. Hardy,https://sports.ws/nba/jaden-hardy,jaden-hardy,G
J. Ivey,https://sports.ws/nba/jaden-ivey,jaden-ivey,G
J. McDaniels,https://sports.ws/nba/jaden-mcdaniels,jaden-mcdaniels,F
J. Springer,https://sports.ws/nba/jaden-springer,jaden-springer,G
J. Crowder,https://sports.ws/nba/jae-crowder,jae-crowder,F
J. Tate,https://sports.ws/nba/jaesean-tate,jaesean-tate,GF
J. Okafor,https://sports.ws/nba/jahlil-okafor,jahlil-okafor,C
J. Mashack,https://sports.ws/nba/jahmai-mashack,jahmai-mashack,G
J. Young,https://sports.ws/nba/jahmir-young,jahmir-young,G
J. Ramsey,https://sports.ws/nba/jahmius-ramsey,jahmius-ramsey,G
J. Echenique,https://sports.ws/nba/jaime-echenique,jaime-echenique,C
J. Jaquez Jr.,https://sports.ws/nba/jaime-jaquez,jaime-jaquez,GF
J. Sampson,https://sports.ws/nba/jakarr-sampson,jakarr-sampson,FC
J. LaRavia,https://sports.ws/nba/jake-laravia,jake-laravia,F
J. Layman,https://sports.ws/nba/jake-layman,jake-layman,F
J. Poeltl,https://sports.ws/nba/jakob-poeltl,jakob-poeltl,C
J. Walter,https://sports.ws/nba/jakobe-walter,jakobe-walter,G
J. Bridges,https://sports.ws/nba/jalen-bridges,jalen-bridges,F
J. Brunson,https://sports.ws/nba/jalen-brunson,jalen-brunson,G
J. Crutcher,https://sports.ws/nba/jalen-crutcher,jalen-crutcher,G
J. Duren,https://sports.ws/nba/jalen-duren,jalen-duren,C
J. Green,https://sports.ws/nba/jalen-green,jalen-green,G
J. Harris,https://sports.ws/nba/jalen-harris,jalen-harris,G
J. Hood-Schifino,https://sports.ws/nba/jalen-hood-schifino,jalen-hood-schifino,GF
J. Johnson,https://sports.ws/nba/jalen-johnson,jalen-johnson,F
J. Lecque,https://sports.ws/nba/jalen-lecque,jalen-lecque,G
J. McDaniels,https://sports.ws/nba/jalen-mcdaniels,jalen-mcdaniels,F
J. Pickett,https://sports.ws/nba/jalen-pickett,jalen-pickett,G
J. Slawson,https://sports.ws/nba/jalen-slawson,jalen-slawson,F
J. Smith,https://sports.ws/nba/jalen-smith,jalen-smith,C
J. Suggs,https://sports.ws/nba/jalen-suggs,jalen-suggs,G
J. Williams,https://sports.ws/nba/jalen-williams,jalen-williams,F
J. Wilson,https://sports.ws/nba/jalen-wilson,jalen-wilson,F
J. Cain,https://sports.ws/nba/jamal-cain,jamal-cain,F
J. Murray,https://sports.ws/nba/jamal-murray,jamal-murray,G
J. Shead,https://sports.ws/nba/jamal-shead,jamal-shead,G
J. Bouyea,https://sports.ws/nba/jamaree-bouyea,jamaree-bouyea,G
J. Sharp,https://sports.ws/nba/jamarion-sharp,jamarion-sharp,C
J. Bouknight,https://sports.ws/nba/james-bouknight,james-bouknight,GF
J. Ennis III,https://sports.ws/nba/james-ennis,james-ennis,F
J. Harden,https://sports.ws/nba/james-harden,james-harden,G
J. Johnson,https://sports.ws/nba/james-johnson,james-johnson,F
J. Nnaji,https://sports.ws/nba/james-nnaji,james-nnaji,C
J. Nunnally,https://sports.ws/nba/james-nunnally,james-nunnally,GF
J. Wiseman,https://sports.ws/nba/james-wiseman,james-wiseman,C
J. Watkins,https://sports.ws/nba/jamir-watkins,jamir-watkins,F
J. Battle,https://sports.ws/nba/jamison-battle,jamison-battle,F
J. Pickett,https://sports.ws/nba/jamorko-pickett,jamorko-pickett,FC
J. Green,https://sports.ws/nba/jamychal-green,jamychal-green,FC
J. Walker,https://sports.ws/nba/jarace-walker,jarace-walker,F
J. Butler,https://sports.ws/nba/jared-butler,jared-butler,G
J. Dudley,https://sports.ws/nba/jared-dudley,jared-dudley,FC
J. Harper,https://sports.ws/nba/jared-harper,jared-harper,G
J. McCain,https://sports.ws/nba/jared-mccain,jared-mccain,G
J. Rhoden,https://sports.ws/nba/jared-rhoden,jared-rhoden,GF
J. Jackson Jr.,https://sports.ws/nba/jaren-jackson-jr,jaren-jackson,FC
J. Vanderbilt,https://sports.ws/nba/jarred-vanderbilt,jarred-vanderbilt,FC
J. Brantley,https://sports.ws/nba/jarrell-brantley,jarrell-brantley,F
J. Allen,https://sports.ws/nba/jarrett-allen,jarrett-allen,C
J. Culver,https://sports.ws/nba/jarrett-culver,jarrett-culver,F
J. Richardson,https://sports.ws/nba/jase-richardson,jase-richardson,G
J. Preston,https://sports.ws/nba/jason-preston,jason-preston,G
J. McGee,https://sports.ws/nba/javale-mcgee,javale-mcgee,C
J. DeLaurier,https://sports.ws/nba/javin-delaurier,javin-delaurier,C
J. Freeman-Liberty,https://sports.ws/nba/javon-freeman-liberty,javon-freeman-liberty,G
J. Small,https://sports.ws/nba/javon-small,javon-small,G
J. Green,https://sports.ws/nba/javonte-green,javonte-green,GF
J. Smart,https://sports.ws/nba/javonte-smart,javonte-smart,G
J. Hayes,https://sports.ws/nba/jaxson-hayes,jaxson-hayes,C
J. Huff,https://sports.ws/nba/jay-huff,jay-huff,C
J. Scrubb,https://sports.ws/nba/jay-scrubb,jay-scrubb,G
J. Adams,https://sports.ws/nba/jaylen-adams,jaylen-adams,G
J. Brown,https://sports.ws/nba/jaylen-brown,jaylen-brown,GF
J. Clark,https://sports.ws/nba/jaylen-clark,jaylen-clark,GF
J. Hoard,https://sports.ws/nba/jaylen-hoard,jaylen-hoard,FC
J. Martin,https://sports.ws/nba/jaylen-martin,jaylen-martin,F
J. Morris,https://sports.ws/nba/jaylen-morris,jaylen-morris,G
J. Nowell,https://sports.ws/nba/jaylen-nowell,jaylen-nowell,G
J. Sims,https://sports.ws/nba/jaylen-sims,jaylen-sims,GF
J. Wells,https://sports.ws/nba/jaylen-wells,jaylen-wells,GF
J. Galloway,https://sports.ws/nba/jaylin-galloway,jaylin-galloway,F
J. Williams,https://sports.ws/nba/jaylin-williams,jaylin-williams,FC
J. Tyson,https://sports.ws/nba/jaylon-tyson,jaylon-tyson,GF
J. Tatum,https://sports.ws/nba/jayson-tatum,jayson-tatum,F
J. Gortman,https://sports.ws/nba/jazian-gortman,jazian-gortman,G
J. Davison,https://sports.ws/nba/jd-davison,jd-davison,G
N. Williams,https://sports.ws/nba/jeenathan-williams,jeenathan-williams,GF
J. Dowtin Jr.,https://sports.ws/nba/jeff-dowtin,jeff-dowtin,G
J. Green,https://sports.ws/nba/jeff-green,jeff-green,F
J. Teague,https://sports.ws/nba/jeff-teague,jeff-teague,G
J. Jones,https://sports.ws/nba/jemerrio-jones,jemerrio-jones,F
J. Grant,https://sports.ws/nba/jerami-grant,jerami-grant,F
J. Fears,https://sports.ws/nba/jeremiah-fears,jeremiah-fears,G
J. Martin,https://sports.ws/nba/jeremiah-martin,jeremiah-martin,G
J. Robinson-Earl,https://sports.ws/nba/jeremiah-robinson-earl,jeremiah-robinson-earl,FC
J. Lamb,https://sports.ws/nba/jeremy-lamb,jeremy-lamb,GF
J. Sochan,https://sports.ws/nba/jeremy-sochan,jeremy-sochan,FC
J. Sims,https://sports.ws/nba/jericho-sims,jericho-sims,C
J. Samuels Jr.,https://sports.ws/nba/jermaine-samuels,jermaine-samuels,F
J. Robinson,https://sports.ws/nba/jerome-robinson,jerome-robinson,G
J. Edwards,https://sports.ws/nba/jesse-edwards,jesse-edwards,C
J. Howard,https://sports.ws/nba/jett-howard,jett-howard,GF
J. Carter,https://sports.ws/nba/jevon-carter,jevon-carter,G
J. Butler,https://sports.ws/nba/jimmy-butler,jimmy-butler,F
J. Redick,https://sports.ws/nba/jj-redick,jj-redick,G
J. Beringer,https://sports.ws/nba/joan-beringer,joan-beringer,C
J. Landale,https://sports.ws/nba/jock-landale,jock-landale,C
J. Harris,https://sports.ws/nba/joe-harris,joe-harris,F
J. Ingles,https://sports.ws/nba/joe-ingles,joe-ingles,GF
J. Johnson,https://sports.ws/nba/joe-johnson,joe-johnson,F
J. Wieskamp,https://sports.ws/nba/joe-wieskamp,joe-wieskamp,GF
J. Ayayi,https://sports.ws/nba/joel-ayayi,joel-ayayi,GF
J. Embiid,https://sports.ws/nba/joel-embiid,joel-embiid,C
J. Hauser,https://sports.ws/nba/joey-hauser,joey-hauser,F
J. Butler,https://sports.ws/nba/john-butler,john-butler,C
J. Collins,https://sports.ws/nba/john-collins,john-collins,F
J. Konchar,https://sports.ws/nba/john-konchar,john-konchar,GF
J. Tonje,https://sports.ws/nba/john-tonje,john-tonje,G
J. Wall,https://sports.ws/nba/john-wall,john-wall,G
J. Broome,https://sports.ws/nba/johni-broome,johni-broome,FC
J. Davis,https://sports.ws/nba/johnny-davis,johnny-davis,GF
J. Furphy,https://sports.ws/nba/johnny-furphy,johnny-furphy,GF
J. Juzang,https://sports.ws/nba/johnny-juzang,johnny-juzang,GF
J. Teske,https://sports.ws/nba/jon-teske,jon-teske,C
J. Valanciunas,https://sports.ws/nba/jonas-valanciunas,jonas-valanciunas,C
J. Isaac,https://sports.ws/nba/jonathan-isaac,jonathan-isaac,F
J. Kuminga,https://sports.ws/nba/jonathan-kuminga,jonathan-kuminga,FC
J. Mogbo,https://sports.ws/nba/jonathan-mogbo,jonathan-mogbo,FC
J. Porter,https://sports.ws/nba/jontay-porter,jontay-porter,C
J. Bell,https://sports.ws/nba/jordan-bell,jordan-bell,C
J. Bone,https://sports.ws/nba/jordan-bone,jordan-bone,G
J. Clarkson,https://sports.ws/nba/jordan-clarkson,jordan-clarkson,G
J. Ford,https://sports.ws/nba/jordan-ford,jordan-ford,G
J. Goodwin,https://sports.ws/nba/jordan-goodwin,jordan-goodwin,G
J. Hall,https://sports.ws/nba/jordan-hall,jordan-hall,G
J. Hawkins,https://sports.ws/nba/jordan-hawkins,jordan-hawkins,GF
J. McLaughlin,https://sports.ws/nba/jordan-mclaughlin,jordan-mclaughlin,G
J. Miller,https://sports.ws/nba/jordan-miller,jordan-miller,F
J. Nwora,https://sports.ws/nba/jordan-nwora,jordan-nwora,F
J. Poole,https://sports.ws/nba/jordan-poole,jordan-poole,G
J. Schakel,https://sports.ws/nba/jordan-schakel ,jordan-schakel,F
J. Walsh,https://sports.ws/nba/jordan-walsh,jordan-walsh,GF
J. Alvarado,https://sports.ws/nba/jose-alvarado,jose-alvarado,G
J. Christopher,https://sports.ws/nba/josh-christopher,josh-christopher,G
J. Giddey,https://sports.ws/nba/josh-giddey,josh-giddey,G
J. Green,https://sports.ws/nba/josh-green,josh-green,GF
J. Hall,https://sports.ws/nba/josh-hall,josh-hall,GF
J. Hart,https://sports.ws/nba/josh-hart,josh-hart,GF
J. Jackson,https://sports.ws/nba/josh-jackson,josh-jackson,F
J. Minott,https://sports.ws/nba/josh-minott,josh-minott,F
J. Okogie,https://sports.ws/nba/josh-okogie,josh-okogie,GF
J. Richardson,https://sports.ws/nba/josh-richardson,josh-richardson,G
J. Primo,https://sports.ws/nba/joshua-primo,joshua-primo,G
J. Holiday,https://sports.ws/nba/jrue-holiday,jrue-holiday,G
J. Thor,https://sports.ws/nba/jt-thor,jt-thor,FC
J. Hernangomez,https://sports.ws/nba/juan-hernangomez,juan-hernangomez,FC
J. Nunez,https://sports.ws/nba/juan-nunez,juan-nunez,G
J. Toscano-Anderson,https://sports.ws/nba/juan-toscano-anderson,juan-toscano-anderson,F
J. Bernard,https://sports.ws/nba/jules-bernard,jules-bernard,GF
J. Champagnie,https://sports.ws/nba/julian-champagnie,julian-champagnie,F
J. Phillips,https://sports.ws/nba/julian-phillips,julian-phillips,F
J. Strawther,https://sports.ws/nba/julian-strawther,julian-strawther,GF
J. Randle,https://sports.ws/nba/julius-randle,julius-randle,F
J. Anderson,https://sports.ws/nba/justin-anderson,justin-anderson,F
J. Champagnie,https://sports.ws/nba/justin-champagnie,justin-champagnie,F
J. Edwards,https://sports.ws/nba/justin-edwards,justin-edwards,GF
J. Holiday,https://sports.ws/nba/justin-holiday,justin-holiday,G
J. Jackson,https://sports.ws/nba/justin-jackson,justin-jackson,F
J. James,https://sports.ws/nba/justin-james,justin-james,F
J. Lewis,https://sports.ws/nba/justin-lewis,justin-lewis,G
J. Minaya,https://sports.ws/nba/justin-minaya,justin-minaya,GF
J. Patton,https://sports.ws/nba/justin-patton,justin-patton,C
J. Robinson,https://sports.ws/nba/justin-robinson,justin-robinson,G
J. Winslow,https://sports.ws/nba/justise-winslow,justise-winslow,F
J. Nurkic,https://sports.ws/nba/jusuf-nurkic,jusuf-nurkic,C
J. Morgan,https://sports.ws/nba/juwan-morgan,juwan-morgan,F
K. Jones,https://sports.ws/nba/kai-jones,kai-jones,C
K. Gates,https://sports.ws/nba/kaiser-gates1,kaiser-gates1,F
K. Jones,https://sports.ws/nba/kam-jones,kam-jones,G
K. Mane,https://sports.ws/nba/karim-mane,karim-mane,GF
K. Towns,https://sports.ws/nba/karl-anthony-towns,karl-anthony-towns,C
K. Matkovic,https://sports.ws/nba/karlo-matkovic,karlo-matkovic,FC
K. Jakučionis,https://sports.ws/nba/kasparas-jakucionis,kasparas-jakucionis,G
K. Leonard,https://sports.ws/nba/kawhi-leonard,kawhi-leonard,F
K. Wallace,https://sports.ws/nba/keaton-wallace,keaton-wallace,G
K. Murray,https://sports.ws/nba/keegan-murray,keegan-murray,F
K. Sykes,https://sports.ws/nba/keifer-sykes,keifer-sykes,G
K. Brooks Jr.,https://sports.ws/nba/keion-brooks,keion-brooks,F
K. Bates-Diop,https://sports.ws/nba/keita-bates-diop,keita-bates-diop,F
K. Martin,https://sports.ws/nba/kelan-martin,kelan-martin,F
K. Johnson,https://sports.ws/nba/keldon-johnson,keldon-johnson,F
K. Ware,https://sports.ws/nba/kelel-ware,kelel-ware,C
K. Blevins,https://sports.ws/nba/keljin-blevins,keljin-blevins,F
K. Olynyk,https://sports.ws/nba/kelly-olynyk,kelly-olynyk,C
K. Oubre Jr.,https://sports.ws/nba/kelly-oubre,kelly-oubre,F
K. Walker,https://sports.ws/nba/kemba-walker,kemba-walker,G
K. Brown,https://sports.ws/nba/kendall-brown,kendall-brown,GF
K. Nunn,https://sports.ws/nba/kendrick-nunn,kendrick-nunn,G
K. Chandler,https://sports.ws/nba/kennedy-chandler,kennedy-chandler,G
K. Lofton Jr.,https://sports.ws/nba/kenneth-lofton,kenneth-lofton,FC
K. Williams,https://sports.ws/nba/kenrich-williams,kenrich-williams,FC
K. Bazemore,https://sports.ws/nba/kent-bazemore,kent-bazemore,F
K. Caldwell-Pope,https://sports.ws/nba/kentavious-caldwell-pope,kentavious-caldwell-pope,G
K. Martin,https://sports.ws/nba/kenyon-martin-jr,kenyon-martin,F
K. Ellis,https://sports.ws/nba/keon-ellis,keon-ellis,G
K. Johnson,https://sports.ws/nba/keon-johnson,keon-johnson,G
K. Johnson,https://sports.ws/nba/keshad-johnson,keshad-johnson,F
K. Edwards,https://sports.ws/nba/kessler-edwards,kessler-edwards,FC
K. Durant,https://sports.ws/nba/kevin-durant,kevin-durant,FC
K. Huerter,https://sports.ws/nba/kevin-huerter,kevin-huerter,GF
K. Knox II,https://sports.ws/nba/kevin-knox,kevin-knox,GF
K. Love,https://sports.ws/nba/kevin-love,kevin-love,FC
K. McCullar Jr.,https://sports.ws/nba/kevin-mccullar,kevin-mccullar,F
K. Pangos,https://sports.ws/nba/kevin-pangos,kevin-pangos,G
K. Porter Jr.,https://sports.ws/nba/kevin-porter-jr,kevin-porter,G
K. Harris,https://sports.ws/nba/kevon-harris,kevon-harris,GF
K. Looney,https://sports.ws/nba/kevon-looney,kevon-looney,C
K. Johnson,https://sports.ws/nba/keyontae-johnson,keyontae-johnson,GF
K. George,https://sports.ws/nba/keyonte-george,keyonte-george,G
K. Diop,https://sports.ws/nba/khalifa-diop,khalifa-diop,C
K. Maluach,https://sports.ws/nba/khaman-maluach,khaman-maluach,C
K. Birch,https://sports.ws/nba/khem-birch,khem-birch,C
K. Middleton,https://sports.ws/nba/khris-middleton,khris-middleton,F
K. Thomas,https://sports.ws/nba/khyri-thomas,khyri-thomas,G
K. Hayes,https://sports.ws/nba/killian-hayes,killian-hayes,G
K. Tillie,https://sports.ws/nba/killian-tillie,killian-tillie,FC
K. Gibbler,https://sports.ws/nba/kimmy-gibbler,kimmy-gibbler,G
K. Lewis Jr.,https://sports.ws/nba/kira-lewis-jr,kira-lewis,G
K. Simpson,https://sports.ws/nba/kj-simpson,kj-simpson,G
K. Thompson,https://sports.ws/nba/klay-thompson,klay-thompson,GF
K. Brown,https://sports.ws/nba/kobe-brown,kobe-brown,FC
K. Bufkin,https://sports.ws/nba/kobe-bufkin,kobe-bufkin,G
K. Sanders,https://sports.ws/nba/kobe-sanders,kobe-sanders,G
K. Simmons,https://sports.ws/nba/kobi-simmons,kobi-simmons,G
K. Brea,https://sports.ws/nba/koby-brea,koby-brea,G
K. Knueppel,https://sports.ws/nba/kon-knueppel,kon-knueppel,GF
K. Antetokounmpo,https://sports.ws/nba/kostas-antetokounmpo,kostas-antetokounmpo,C
K. Dunn,https://sports.ws/nba/kris-dunn,kris-dunn,G
K. Murray,https://sports.ws/nba/kris-murray,kris-murray,F
K. Porzingis,https://sports.ws/nba/kristaps-porzingis,kristaps-porzingis,C
K. Anderson,https://sports.ws/nba/kyle-anderson,kyle-anderson,FC
K. Filipowski,https://sports.ws/nba/kyle-filipowski,kyle-filipowski,C
K. Guy,https://sports.ws/nba/kyle-guy,kyle-guy,G
K. Kuzma,https://sports.ws/nba/kyle-kuzma,kyle-kuzma,F
K. Lowry,https://sports.ws/nba/kyle-lowry,kyle-lowry,G
K. Kelley,https://sports.ws/nba/kylor-kelley,kylor-kelley,C
K. Irving,https://sports.ws/nba/kyrie-irving,kyrie-irving,G
K. George,https://sports.ws/nba/kyshawn-george,kyshawn-george,GF
K. Okpala,https://sports.ws/nba/kz-okpala,kz-okpala,F
L. Olbrich,https://sports.ws/nba/lachlan-olbrich,lachlan-olbrich,F
L. Stevens,https://sports.ws/nba/lamar-stevens,lamar-stevens,F
L. Aldridge,https://sports.ws/nba/lamarcus-aldridge,lamarcus-aldridge,C
L. Ball,https://sports.ws/nba/lamelo-ball,lamelo-ball,G
L. Stephenson,https://sports.ws/nba/lance-stephenson,lance-stephenson,GF
L. Shamet,https://sports.ws/nba/landry-shamet,landry-shamet,GF
L. Galloway,https://sports.ws/nba/langston-galloway,langston-galloway,GF
L. Nance Jr.,https://sports.ws/nba/larry-nance-jr,larry-nance,FC
L. Markkanen,https://sports.ws/nba/lauri-markkanen,lauri-markkanen,F
L. Black,https://sports.ws/nba/leaky-black,leaky-black,F
L. Bolmaro,https://sports.ws/nba/leandro-bolmaro,leandro-bolmaro,F
L. James,https://sports.ws/nba/lebron-james,lebron-james,F
L. Miller,https://sports.ws/nba/leonard-miller,leonard-miller,FC
L. Quinones,https://sports.ws/nba/lester-quinones,lester-quinones,GF
L. McNeeley,https://sports.ws/nba/liam-mcneeley,liam-mcneeley,F
L. Robbins,https://sports.ws/nba/liam-robbins,liam-robbins,C
L. Wigginton,https://sports.ws/nba/lindell-wigginton,lindell-wigginton,G
L. Waters III,https://sports.ws/nba/lindy-waters,lindy-waters,GF
L. Walker IV,https://sports.ws/nba/lonnie-walker,lonnie-walker,G
L. Ball,https://sports.ws/nba/lonzo-ball,lonzo-ball,G
L. Williams,https://sports.ws/nba/lou-williams,lou-williams,G
L. King,https://sports.ws/nba/louis-king,louis-king,F
L. Dort,https://sports.ws/nba/luguentz-dort,luguentz-dort,F
L. Doncic,https://sports.ws/nba/luka-doncic,luka-doncic,G
L. Garza,https://sports.ws/nba/luka-garza,luka-garza,FC
L. Samanic,https://sports.ws/nba/luka-samanic,luka-samanic,FC
L. Kennard,https://sports.ws/nba/luke-kennard,luke-kennard,G
L. Kornet,https://sports.ws/nba/luke-kornet,luke-kornet,C
L. Travers,https://sports.ws/nba/luke-travers,luke-travers,GF
M. McClung,https://sports.ws/nba/mac-mcclung,mac-mcclung,G
M. Flynn,https://sports.ws/nba/malachi-flynn,malachi-flynn,G
M. Branham,https://sports.ws/nba/malaki-branham,malaki-branham,G
M. Brogdon,https://sports.ws/nba/malcolm-brogdon,malcolm-brogdon,G
M. Cazalon,https://sports.ws/nba/malcolm-cazalon,malcolm-cazalon,F
M. Hill,https://sports.ws/nba/malcolm-hill,malcolm-hill,F
M. Leons,https://sports.ws/nba/malevy-leons,malevy-leons,F
M. Beasley,https://sports.ws/nba/malik-beasley,malik-beasley,G
M. Fitts,https://sports.ws/nba/malik-fitts,malik-fitts,FC
M. Monk,https://sports.ws/nba/malik-monk,malik-monk,G
M. Newman,https://sports.ws/nba/malik-newman,malik-newman,G
M. Williams,https://sports.ws/nba/malik-williams,malik-williams,C
M. Diakite,https://sports.ws/nba/mamadi-diakite,mamadi-diakite,F
M. Pereira,https://sports.ws/nba/maozinha-pereira,maozinha-pereira,F
M. Gasol,https://sports.ws/nba/marc-gasol,marc-gasol,C
M. Bagley,https://sports.ws/nba/marcus-bagley,marcus-bagley,F
M. Garrett,https://sports.ws/nba/marcus-garrett,marcus-garrett,GF
M. Morris Sr.,https://sports.ws/nba/marcus-morris,marcus-morris,F
M. Sasser,https://sports.ws/nba/marcus-sasser,marcus-sasser,G
M. Smart,https://sports.ws/nba/marcus-smart,marcus-smart,G
M. Beauchamp,https://sports.ws/nba/marjon-beauchamp,marjon-beauchamp,F
M. Williams,https://sports.ws/nba/mark-williams,mark-williams,C
M. Fultz,https://sports.ws/nba/markelle-fultz,markelle-fultz,G
M. Morris,https://sports.ws/nba/markieff-morris,markieff-morris,FC
M. Simonovic,https://sports.ws/nba/marko-simonovic,marko-simonovic,FC
M. Nowell,https://sports.ws/nba/markquis-nowell,markquis-nowell,G
M. Howard,https://sports.ws/nba/markus-howard,markus-howard,GF
M. Bolden,https://sports.ws/nba/marques-bolden,marques-bolden,C
M. Chriss,https://sports.ws/nba/marquese-chriss,marquese-chriss,FC
M. Bagley III,https://sports.ws/nba/marvin-bagley-iii,marvin-bagley,FC
M. Jones,https://sports.ws/nba/mason-jones,mason-jones,GF
M. Plumlee,https://sports.ws/nba/mason-plumlee,mason-plumlee,C
M. Buzelis,https://sports.ws/nba/matas-buzelis,matas-buzelis,F
M. Thybulle,https://sports.ws/nba/matisse-thybulle,matisse-thybulle,GF
M. Mooney,https://sports.ws/nba/matt-mooney,matt-mooney,G
M. Ryan,https://sports.ws/nba/matt-ryan,matt-ryan,F
M. Thomas,https://sports.ws/nba/matt-thomas,matt-thomas,G
M. Dellavedova,https://sports.ws/nba/matthew-dellavedova,matthew-dellavedova,G
M. Hurt,https://sports.ws/nba/matthew-hurt,matthew-hurt,G
M. Harkless,https://sports.ws/nba/maurice-harkless,maurice-harkless,F
M. Christie,https://sports.ws/nba/max-christie,max-christie,GF
M. Shulga,https://sports.ws/nba/max-shulga,max-shulga,G
M. Strus,https://sports.ws/nba/max-strus,max-strus,GF
M. Kleber,https://sports.ws/nba/maxi-kleber,maxi-kleber,FC
M. Raynaud,https://sports.ws/nba/maxime-raynaud,maxime-raynaud,C
M. Lewis,https://sports.ws/nba/maxwell-lewis,maxwell-lewis,GF
M. Wright IV,https://sports.ws/nba/mckinley-wright,mckinley-wright,G
M. Ajinca,https://sports.ws/nba/melvin-ajinca,melvin-ajinca,GF
M. Frazier Jr.,https://sports.ws/nba/melvin-frazier-jr,melvin-frazier,G
M. Leonard,https://sports.ws/nba/meyers-leonard,meyers-leonard,C
M. Kabengele,https://sports.ws/nba/mfiondu-kabengele,mfiondu-kabengele,F
M. Peavy,https://sports.ws/nba/micah-peavy,micah-peavy,GF
M. Potter,https://sports.ws/nba/micah-potter,micah-potter,FC
M. Carter-Williams,https://sports.ws/nba/michael-carter-williams,michael-carter-williams,G
M. Foster Jr.,https://sports.ws/nba/michael-foster,michael-foster,C
M. Porter Jr.,https://sports.ws/nba/michael-porter-jr,michael-porter,F
M. Bridges,https://sports.ws/nba/mikal-bridges,mikal-bridges,F
M. Conley,https://sports.ws/nba/mike-conley,mike-conley,G
M. Muscala,https://sports.ws/nba/mike-muscala,mike-muscala,C
M. Scott,https://sports.ws/nba/mike-scott,mike-scott,F
M. Bridges,https://sports.ws/nba/miles-bridges,miles-bridges,F
M. McBride,https://sports.ws/nba/miles-mcbride,miles-mcbride,G
M. Norris,https://sports.ws/nba/miles-norris,miles-norris,F
M. Robinson,https://sports.ws/nba/mitchell-robinson,mitchell-robinson,C
M. Oni,https://sports.ws/nba/miye-oni,miye-oni,F
M. Walker,https://sports.ws/nba/mj-walker,mj-walker,GF
M. Bamba,https://sports.ws/nba/mohamed-bamba,mohamed-bamba,C
M. Diawara,https://sports.ws/nba/mohamed-diawara,mohamed-diawara,F
M. King,https://sports.ws/nba/mojave-king,mojave-king,G
M. Morris,https://sports.ws/nba/monte-morris,monte-morris,G
M. Harrell,https://sports.ws/nba/montrezl-harrell,montrezl-harrell,C
M. Wagner,https://sports.ws/nba/moritz-wagner,moritz-wagner,C
M. Brown,https://sports.ws/nba/moses-brown,moses-brown,C
M. Moody,https://sports.ws/nba/moses-moody,moses-moody,GF
M. Wright,https://sports.ws/nba/moses-wright,moses-wright,F
M. Gueye,https://sports.ws/nba/mouhamadou-gueye,mouhamadou-gueye,C
M. Gueye,https://sports.ws/nba/mouhamed-gueye,mouhamed-gueye,FC
M. Diabate,https://sports.ws/nba/moussa-diabate,moussa-diabate,C
M. Mulder,https://sports.ws/nba/mychal-mulder,mychal-mulder,G
M. Powell,https://sports.ws/nba/myles-powell,myles-powell,G
M. Turner,https://sports.ws/nba/myles-turner,myles-turner,C
M. Gardner,https://sports.ws/nba/myron-gardner,myron-gardner,G
N. Tomlin,https://sports.ws/nba/naeqwan-tomlin,naeqwan-tomlin,FC
N. Marshall,https://sports.ws/nba/naji-marshall,naji-marshall,F
N. Little,https://sports.ws/nba/nassir-little,nassir-little,F
N. Darling,https://sports.ws/nba/nate-darling,nate-darling,G
N. Hinton,https://sports.ws/nba/nate-hinton,nate-hinton,G
N. Knight,https://sports.ws/nba/nathan-knight,nathan-knight,FC
N. Mensah,https://sports.ws/nba/nathan-mensah,nathan-mensah,C
N. Reid,https://sports.ws/nba/naz-reid,naz-reid,FC
N. Queta,https://sports.ws/nba/neemias-queta,neemias-queta,C
N. Bjelica,https://sports.ws/nba/nemanja-bjelica,nemanja-bjelica,C
N. Noel,https://sports.ws/nba/nerlens-noel,nerlens-noel,C
N. Dante,https://sports.ws/nba/nfaly-dante,nfaly-dante,F
N. Richards,https://sports.ws/nba/nick-richards,nick-richards,C
N. Smith Jr.,https://sports.ws/nba/nick-smith,nick-smith,G
N. Alexander-Walker,https://sports.ws/nba/nickeil-alexander-walker,nickeil-alexander-walker,G
N. Mannion,https://sports.ws/nba/nico-mannion,nico-mannion,G
N. Batum,https://sports.ws/nba/nicolas-batum,nicolas-batum,FC
N. Claxton,https://sports.ws/nba/nicolas-claxton,nicolas-claxton,C
N. Melli,https://sports.ws/nba/nicolo-melli,nicolo-melli,F
N. Stauskas,https://sports.ws/nba/nik-stauskas,nik-stauskas,GF
N. Djurisic,https://sports.ws/nba/nikola-djurisic,nikola-djurisic,GF
N. Jokic,https://sports.ws/nba/nikola-jokic,nikola-jokic,C
N. Jovic,https://sports.ws/nba/nikola-jovic,nikola-jovic,F
N. Topic,https://sports.ws/nba/nikola-topic,nikola-topic,G
N. Vucevic,https://sports.ws/nba/nikola-vucevic,nikola-vucevic,C
N. Clifford,https://sports.ws/nba/nique-clifford,nique-clifford,GF
N. Essengue,https://sports.ws/nba/noa-essengue,noa-essengue,F
N. Clowney,https://sports.ws/nba/noah-clowney,noah-clowney,FC
N. Penda,https://sports.ws/nba/noah-penda,noah-penda,F
N. Vonleh,https://sports.ws/nba/noah-vonleh,noah-vonleh,FC
N. Traoré,https://sports.ws/nba/nolan-traore,nolan-traore,G
N. Powell,https://sports.ws/nba/norman-powell,norman-powell,GF
N. Pelle,https://sports.ws/nba/norvel-pelle,norvel-pelle,C
O. Toppin,https://sports.ws/nba/obi-toppin,obi-toppin,FC
O. Agbaji,https://sports.ws/nba/ochai-agbaji,ochai-agbaji,GF
O. Anunoby,https://sports.ws/nba/og-anunoby,og-anunoby,F
O. Sarr,https://sports.ws/nba/olivier-sarr,olivier-sarr,C
O. Prosper,https://sports.ws/nba/oliviermaxence-prosper,oliviermaxence-prosper,FC
O. Yurtseven,https://sports.ws/nba/omer-yurtseven,omer-yurtseven,C
O. Bitim,https://sports.ws/nba/onuralp-bitim,onuralp-bitim,F
O. Okongwu,https://sports.ws/nba/onyeka-okongwu,onyeka-okongwu,C
O. Robinson,https://sports.ws/nba/orlando-robinson,orlando-robinson,C
O. Tshiebwe,https://sports.ws/nba/oscar-tshiebwe,oscar-tshiebwe,FC
O. Brissett,https://sports.ws/nba/oshae-brissett,oshae-brissett,FC
O. Ighodaro,https://sports.ws/nba/oso-ighodaro,oso-ighodaro,FC
O. Porter Jr.,https://sports.ws/nba/otto-porter,otto-porter,F
O. Dieng,https://sports.ws/nba/ousmane-dieng,ousmane-dieng,FC
P. Dadiet,https://sports.ws/nba/pacome-dadiet,pacome-dadiet,GF
P. Banchero,https://sports.ws/nba/paolo-banchero,paolo-banchero,F
P. Siakam,https://sports.ws/nba/pascal-siakam,pascal-siakam,F
P. Connaughton,https://sports.ws/nba/pat-connaughton,pat-connaughton,GF
P. Spencer,https://sports.ws/nba/pat-spencer,pat-spencer,G
P. Baldwin Jr.,https://sports.ws/nba/patrick-baldwin,patrick-baldwin,F
P. Beverley,https://sports.ws/nba/patrick-beverley,patrick-beverley,G
P. McCaw,https://sports.ws/nba/patrick-mccaw,patrick-mccaw,F
P. Patterson,https://sports.ws/nba/patrick-patterson,patrick-patterson,FC
P. Williams,https://sports.ws/nba/patrick-williams,patrick-williams,F
P. Mills,https://sports.ws/nba/patty-mills,patty-mills,G
P. George,https://sports.ws/nba/paul-george,paul-george,F
P. Millsap,https://sports.ws/nba/paul-millsap,paul-millsap,FC
P. Reed,https://sports.ws/nba/paul-reed,paul-reed,C
P. Watson,https://sports.ws/nba/paul-watson,paul-watson,F
P. Pritchard,https://sports.ws/nba/payton-pritchard,payton-pritchard,G
P. Larsson,https://sports.ws/nba/pelle-larsson,pelle-larsson,GF
P. Nance,https://sports.ws/nba/pete-nance,pete-nance,C
P. Cornelie,https://sports.ws/nba/petr-cornelie,petr-cornelie,FC
P. Watson,https://sports.ws/nba/peyton-watson,peyton-watson,F
P. Wheeler,https://sports.ws/nba/phillip-wheeler,phillip-wheeler,F
P. Dozier,https://sports.ws/nba/pj-dozier,pj-dozier,G
P. Hall,https://sports.ws/nba/pj-hall,pj-hall,C
P. Tucker,https://sports.ws/nba/pj-tucker,pj-tucker,FC
P. Washington,https://sports.ws/nba/pj-washington,pj-washington,F
P. Achiuwa,https://sports.ws/nba/precious-achiuwa,precious-achiuwa,FC
Q. Grimes,https://sports.ws/nba/quentin-grimes,quentin-grimes,GF
Q. Jackson,https://sports.ws/nba/quenton-jackson,quenton-jackson,G
Q. Olivari,https://sports.ws/nba/quincy-olivari,quincy-olivari,G
Q. Cook,https://sports.ws/nba/quinn-cook,quinn-cook,G
Q. Weatherspoon,https://sports.ws/nba/quinndary-weatherspoon,quinndary-weatherspoon,G
Q. Post,https://sports.ws/nba/quinten-post,quinten-post,C
R. Gray,https://sports.ws/nba/raiquan-gray,raiquan-gray,FC
R. Rondo,https://sports.ws/nba/rajon-rondo,rajon-rondo,G
R. Fleming,https://sports.ws/nba/rasheer-fleming,rasheer-fleming,F
R. Neto,https://sports.ws/nba/raul-neto,raul-neto,G
R. Spalding,https://sports.ws/nba/ray-spalding,ray-spalding,C
R. Rupert,https://sports.ws/nba/rayan-rupert,rayan-rupert,GF
R. Dennis,https://sports.ws/nba/rayj-dennis,rayj-dennis,G
R. Tucker,https://sports.ws/nba/rayjon-tucker,rayjon-tucker,GF
R. Beekman,https://sports.ws/nba/reece-beekman,reece-beekman,G
R. Sheppard,https://sports.ws/nba/reed-sheppard,reed-sheppard,G
R. Bullock Jr.,https://sports.ws/nba/reggie-bullock,reggie-bullock,GF
R. Jackson,https://sports.ws/nba/reggie-jackson,reggie-jackson,G
R. Perry,https://sports.ws/nba/reggie-perry,reggie-perry,C
R. Holmes,https://sports.ws/nba/richaun-holmes,richaun-holmes,C
R. Council IV,https://sports.ws/nba/ricky-council,ricky-council,F
R. Rubio,https://sports.ws/nba/ricky-rubio,ricky-rubio,G
R. Minix,https://sports.ws/nba/riley-minix,riley-minix,F
R. Barrett,https://sports.ws/nba/rj-barrett,rj-barrett,F
R. Hampton,https://sports.ws/nba/rj-hampton,rj-hampton,G
R. Hunter,https://sports.ws/nba/rj-hunter,rj-hunter,G
R. Luis Jr,https://sports.ws/nba/rj-luis,rj-luis,F
R. Nembhard,https://sports.ws/nba/rj-nembhard,rj-nembhard,
R. Dillingham,https://sports.ws/nba/rob-dillingham,rob-dillingham,G
R. Covington,https://sports.ws/nba/robert-covington,robert-covington,F
R. Franks,https://sports.ws/nba/robert-franks,robert-franks,F
R. Williams III,https://sports.ws/nba/robert-williams,robert-williams,C
R. Woodard II,https://sports.ws/nba/robert-woodard,robert-woodard,F
R. Lopez,https://sports.ws/nba/robin-lopez,robin-lopez,C
R. Zikarsky,https://sports.ws/nba/rocco-zikarsky,rocco-zikarsky,C
R. Kurucs,https://sports.ws/nba/rodions-kurucs,rodions-kurucs,FC
R. Hood,https://sports.ws/nba/rodney-hood,rodney-hood,F
R. McGruder,https://sports.ws/nba/rodney-mcgruder,rodney-mcgruder,GF
R. Langford,https://sports.ws/nba/romeo-langford,romeo-langford,GF
R. Harper Jr.,https://sports.ws/nba/ron-harper-jr,ron-harper,F
R. Holland,https://sports.ws/nba/ron-holland,ron-holland,F
R. Hollis-Jefferson,https://sports.ws/nba/rondae-hollis-jefferson,rondae-hollis-jefferson,F
R. O'Neale,https://sports.ws/nba/royce-oneale,royce-oneale,F
R. Gay,https://sports.ws/nba/rudy-gay,rudy-gay,FC
R. Gobert,https://sports.ws/nba/rudy-gobert,rudy-gobert,C
R. Hachimura,https://sports.ws/nba/rui-hachimura,rui-hachimura,FC
R. Westbrook,https://sports.ws/nba/russell-westbrook,russell-westbrook,G
R. Arcidiacono,https://sports.ws/nba/ryan-arcidiacono,ryan-arcidiacono,GF
R. Dunn,https://sports.ws/nba/ryan-dunn,ryan-dunn,F
R. Kalkbrenner,https://sports.ws/nba/ryan-kalkbrenner,ryan-kalkbrenner,C
R. Nembhard,https://sports.ws/nba/ryan-nembhard,ryan-nembhard,G
R. Rollins,https://sports.ws/nba/ryan-rollins,ryan-rollins,G
S. Lee,https://sports.ws/nba/saben-lee,saben-lee,G
S. Bey,https://sports.ws/nba/saddiq-bey,saddiq-bey,F
S. Niang,https://sports.ws/nba/saliou-niang,saliou-niang,G
S. Dekker,https://sports.ws/nba/sam-dekker,sam-dekker,C
S. Hauser,https://sports.ws/nba/sam-hauser,sam-hauser,F
S. Merrill,https://sports.ws/nba/sam-merrill,sam-merrill,G
S. Mamukelashvili,https://sports.ws/nba/sandro-mamukelashvili ,sandro-mamukelashvili,FC
S. Aldama,https://sports.ws/nba/santi-aldama,santi-aldama,FC
S. Vezenkov,https://sports.ws/nba/Sasha-vezenkov,sasha-vezenkov,F
S. Henderson,https://sports.ws/nba/scoot-henderson,scoot-henderson,G
S. Barnes,https://sports.ws/nba/scottie-barnes,scottie-barnes,F
S. Lewis,https://sports.ws/nba/scottie-lewis,scottie-lewis,G
S. Hopson,https://sports.ws/nba/scotty-hopson,scotty-hopson,GF
S. Pippen Jr.,https://sports.ws/nba/scotty-pippen-jr,scotty-pippen,G
S. McDermott,https://sports.ws/nba/sean-mcdermott,sean-mcdermott,GF
S. Doumbouya,https://sports.ws/nba/sekou-doumbouya,sekou-doumbouya,F
S. Ojeleye,https://sports.ws/nba/semi-ojeleye,semi-ojeleye,F
S. Ibaka,https://sports.ws/nba/serge-ibaka,serge-ibaka,FC
S. Curry,https://sports.ws/nba/seth-curry,seth-curry,G
S. Lundy,https://sports.ws/nba/seth-lundy,seth-lundy,F
S. Sharpe,https://sports.ws/nba/shaedon-sharpe,shaedon-sharpe,GF
S. Gilgeous-Alexander,https://sports.ws/nba/shai-gilgeous-alexander,shai-gilgeous-alexander,G
S. Milton,https://sports.ws/nba/shake-milton,shake-milton,GF
S. Buchanan,https://sports.ws/nba/shaq-buchanan,shaq-buchanan,G
S. Harrison,https://sports.ws/nba/shaquille-harrison,shaquille-harrison,G
S. Cooper,https://sports.ws/nba/sharife-cooper,sharife-cooper,G
S. Cissoko,https://sports.ws/nba/sidy-cissoko,sidy-cissoko,F
S. Fontecchio,https://sports.ws/nba/simone-fontecchio,simone-fontecchio,F
S. Thornwell,https://sports.ws/nba/sindarius-thornwell,sindarius-thornwell,GF
S. James,https://sports.ws/nba/sion-james,sion-james,F
S. Rice,https://sports.ws/nba/sirjabari-rice,sirjabari-rice,G
S. Labissiere,https://sports.ws/nba/skal-labissiere,skal-labissiere,C
S. Mays,https://sports.ws/nba/skylar-mays,skylar-mays,G
S. Hill,https://sports.ws/nba/solomon-hill,solomon-hill,F
S. Dinwiddie,https://sports.ws/nba/spencer-dinwiddie,spencer-dinwiddie,G
S. Jones,https://sports.ws/nba/spencer-jones,spencer-jones,GF
S. Johnson,https://sports.ws/nba/stanley-johnson,stanley-johnson,GF
S. Umude,https://sports.ws/nba/stanley-umude,stanley-umude,GF
S. Curry,https://sports.ws/nba/stephen-curry,stephen-curry,G
S. Castle,https://sports.ws/nba/stephon-castle,stephon-castle,G
S. Brown,https://sports.ws/nba/sterling-brown,sterling-brown,F
S. Adams,https://sports.ws/nba/steven-adams,steven-adams,C
S. Mykhailiuk,https://sports.ws/nba/sviatoslav-mykhailiuk,sviatoslav-mykhailiuk,GF
T. Fall,https://sports.ws/nba/tacko-fall,tacko-fall,C
T. Peter,https://sports.ws/nba/taelon-peter,taelon-peter,G
T. Kinsey,https://sports.ws/nba/taevion-kinsey,taevion-kinsey,GF
T. Gibson,https://sports.ws/nba/taj-gibson,taj-gibson,C
T. Horton-Tucker,https://sports.ws/nba/talen-horton-tucker,talen-horton-tucker,GF
T. Armstrong,https://sports.ws/nba/taran-armstrong,taran-armstrong,G
T. Eason,https://sports.ws/nba/tari-eason,tari-eason,F
T. Biberovic,https://sports.ws/nba/tarik-biberovic,tarik-biberovic,F
T. Prince,https://sports.ws/nba/taurean-prince,taurean-prince,F
T. Hendricks,https://sports.ws/nba/taylor-hendricks,taylor-hendricks,F
T. Moore,https://sports.ws/nba/taze-moore,taze-moore,G
T. Mann,https://sports.ws/nba/terance-mann,terance-mann,GF
T. Davis,https://sports.ws/nba/terence-davis,terence-davis,GF
T. Smith,https://sports.ws/nba/terquavion-smith,terquavion-smith,G
T. Ferguson,https://sports.ws/nba/terrance-ferguson,terrance-ferguson,F
T. Ross,https://sports.ws/nba/terrence-ross,terrence-ross,GF
T. Shannon Jr.,https://sports.ws/nba/terrence-shannon,terrence-shannon,F
T. Rozier,https://sports.ws/nba/terry-rozier,terry-rozier,G
T. Taylor,https://sports.ws/nba/terry-taylor,terry-taylor,F
T. Young,https://sports.ws/nba/thaddeus-young,thaddeus-young,C
T. Antetokounmpo,https://sports.ws/nba/thanasis-antetokounmpo,thanasis-antetokounmpo,FC
T. Maledon,https://sports.ws/nba/theo-maledon,theo-maledon,G
T. Pinson,https://sports.ws/nba/theo-pinson,theo-pinson,F
T. Bryant,https://sports.ws/nba/thomas-bryant,thomas-bryant,C
T. Sorber,https://sports.ws/nba/thomas-sorber,thomas-sorber,FC
T. Maker,https://sports.ws/nba/thon-maker,thon-maker,FC
T. Salaun,https://sports.ws/nba/tidjane-salaun,tidjane-salaun,F
T. Frazier,https://sports.ws/nba/tim-frazier,tim-frazier,G
T. Hardaway Jr.,https://sports.ws/nba/tim-hardaway-jr,tim-hardaway,GF
T. Allen,https://sports.ws/nba/timmy-allen,timmy-allen,GF
T. Luwawu-Cabarrot,https://sports.ws/nba/timothe-luwawu-cabarrot,timothe-luwawu-cabarrot,F
T. Leaf,https://sports.ws/nba/tj-leaf,tj-leaf,F
T. McConnell,https://sports.ws/nba/tj-mcconnell,tj-mcconnell,G
T. Warren,https://sports.ws/nba/tj-warren,tj-warren,F
T. Harris,https://sports.ws/nba/tobias-harris,tobias-harris,F
T. Smith,https://sports.ws/nba/tolu-smith,tolu-smith,C
T. Satoransky,https://sports.ws/nba/tomas-satoransky,tomas-satoransky,GF
T. Bradley,https://sports.ws/nba/tony-bradley,tony-bradley,C
T. Snell,https://sports.ws/nba/tony-snell,tony-snell,GF
T. Craig,https://sports.ws/nba/torrey-craig,torrey-craig,F
T. Evbuomwan,https://sports.ws/nba/tosan-evbuomwan,tosan-evbuomwan,GF
T. Camara,https://sports.ws/nba/toumani-camara,toumani-camara,F
T. Young,https://sports.ws/nba/trae-young,trae-young,G
T. Jackson-Davis,https://sports.ws/nba/trayce-jackson-davis,trayce-jackson-davis,C
T. Johnson,https://sports.ws/nba/tre-johnson,tre-johnson,G
T. Jones,https://sports.ws/nba/tre-jones,tre-jones,G
T. Mann,https://sports.ws/nba/tre-mann,tre-mann,G
T. Waters,https://sports.ws/nba/tremont-waters,tremont-waters,G
T. Watford,https://sports.ws/nba/trendon-watford,trendon-watford,FC
T. Forrest,https://sports.ws/nba/trent-forrest,trent-forrest,G
T. Flowers,https://sports.ws/nba/trentyn-flowers,trentyn-flowers,F
T. Queen,https://sports.ws/nba/trevelin-queen,trevelin-queen,GF
T. Ariza,https://sports.ws/nba/trevor-ariza,trevor-ariza,F
T. Hudgins,https://sports.ws/nba/trevor-hudgins,trevor-hudgins,G
T. Keels,https://sports.ws/nba/trevor-keels,trevor-keels,F
T. Alexander,https://sports.ws/nba/trey-alexander,trey-alexander,G
T. Burke,https://sports.ws/nba/trey-burke,trey-burke,G
T. Jemison,https://sports.ws/nba/trey-jemison,trey-jemison,C
T. Lyles,https://sports.ws/nba/trey-lyles,trey-lyles,FC
T. Murphy III,https://sports.ws/nba/trey-murphy,trey-murphy,F
T. da Silva,https://sports.ws/nba/tristan-dasilva,tristan-dasilva,F
T. Thompson,https://sports.ws/nba/tristan-thompson,tristan-thompson,C
T. Vukcevic,https://sports.ws/nba/tristan-vukcevic,tristan-vukcevic,C
T. Newton,https://sports.ws/nba/tristen-newton,tristen-newton,G
T. Brown Jr.,https://sports.ws/nba/troy-brown-jr,troy-brown,F
T. Jerome,https://sports.ws/nba/ty-jerome,ty-jerome,GF
T. Bey,https://sports.ws/nba/tyler-bey,tyler-bey,F
T. Cook,https://sports.ws/nba/tyler-cook,tyler-cook,FC
T. Dorsey,https://sports.ws/nba/tyler-dorsey,tyler-dorsey,F
T. Herro,https://sports.ws/nba/tyler-herro,tyler-herro,G
T. Johnson,https://sports.ws/nba/tyler-johnson,tyler-johnson,G
T. Kolek,https://sports.ws/nba/tyler-kolek,tyler-kolek,G
T. Smith,https://sports.ws/nba/tyler-smith,tyler-smith,FC
T. Terry,https://sports.ws/nba/tyrell-terry,tyrell-terry,G
T. Haliburton,https://sports.ws/nba/tyrese-haliburton,tyrese-haliburton,G
T. Martin,https://sports.ws/nba/tyrese-martin,tyrese-martin,GF
T. Maxey,https://sports.ws/nba/tyrese-maxey,tyrese-maxey,G
T. Proctor,https://sports.ws/nba/tyrese-proctor,tyrese-proctor,G
T. Samuel,https://sports.ws/nba/tyrese-samuel,tyrese-samuel,F
T. Wallace,https://sports.ws/nba/tyrone-wallace,tyrone-wallace,G
T. Alexander,https://sports.ws/nba/tyshon-alexander,tyshon-alexander,F
T. Etienne,https://sports.ws/nba/tyson-etienne,tyson-etienne,G
T. Washington Jr.,https://sports.ws/nba/tyty-washington,tyty-washington,G
T. Jones,https://sports.ws/nba/tyus-jones,tyus-jones,G
U. Azubuike,https://sports.ws/nba/udoka-azubuike,udoka-azubuike,C
U. Haslem,https://sports.ws/nba/udonis-haslem,udonis-haslem,FC
U. Chomche,https://sports.ws/nba/ulrich-chomche,ulrich-chomche,C
U. Garuba,https://sports.ws/nba/usman-garuba,usman-garuba,C
V. Micic,https://sports.ws/nba/vasilije-micic,vasilije-micic,G
V. Carey Jr.,https://sports.ws/nba/vernon-carey-jr,vernon-carey,C
V. Oladipo,https://sports.ws/nba/victor-oladipo,victor-oladipo,GF
V. Wembanyama,https://sports.ws/nba/victor-wembanyama,victor-wembanyama,C
V. Williams Jr.,https://sports.ws/nba/vince-williams,vince-williams,G
V. Poirier,https://sports.ws/nba/vincent-poirier,vincent-poirier,C
V. Krejci,https://sports.ws/nba/vit-krejci,vit-krejci,G
V. Edgecombe,https://sports.ws/nba/vj-edgecombe,vj-edgecombe,G
V. Goldin,https://sports.ws/nba/vladislav-goldin,vladislav-goldin,C
V. Cancar,https://sports.ws/nba/vlatko-cancar,vlatko-cancar,FC
W. Kessler,https://sports.ws/nba/walker-kessler,walker-kessler,C
W. Clayton Jr,https://sports.ws/nba/walter-clayton,walter-clayton,G
W. Ellington,https://sports.ws/nba/wayne-ellington,wayne-ellington,GF
W. Selden,https://sports.ws/nba/wayne-selden,wayne-selden,G
W. Carter Jr.,https://sports.ws/nba/wendell-carter-jr,wendell-carter,C
W. Moore Jr.,https://sports.ws/nba/wendell-moore,wendell-moore,GF
W. Gabriel,https://sports.ws/nba/wenyen-gabriel,wenyen-gabriel,F
W. Iwundu,https://sports.ws/nba/wesley-iwundu,wesley-iwundu,F
W. Matthews,https://sports.ws/nba/wesley-matthews,wesley-matthews,F
W. Barton,https://sports.ws/nba/will-barton,will-barton,GF
W. Magnay,https://sports.ws/nba/will-magnay,will-magnay,C
W. Richard,https://sports.ws/nba/will-richard,will-richard,G
W. Riley,https://sports.ws/nba/will-riley,will-riley,GF
W. Cauley-Stein,https://sports.ws/nba/willie-cauley-stein,willie-cauley-stein,C
W. Hernangomez,https://sports.ws/nba/willy-hernangomez,willy-hernangomez,C
X. Cooks,https://sports.ws/nba/xavier-cooks,xavier-cooks,F
X. Moon,https://sports.ws/nba/xavier-moon,xavier-moon,G
X. Sneed,https://sports.ws/nba/xavier-sneed,xavier-sneed,F
X. Tillman,https://sports.ws/nba/xavier-tillman,xavier-tillman,FC
Y. Hansen,https://sports.ws/nba/yang-hansen,yang-hansen,C
Y. Konan Niederhauser,https://sports.ws/nba/yanic-konan-niederhauser,yanic-konan-niederhauser,C
Y. Ferrell,https://sports.ws/nba/yogi-ferrell,yogi-ferrell,G
Y. Cui,https://sports.ws/nba/yongxi-cui,yongxi-cui,GF
Y. Kawamura,https://sports.ws/nba/yuki-kawamura,yuki-kawamura,G
Y. Collins,https://sports.ws/nba/yuri-collins,yuri-collins,G
Y. Watanabe,https://sports.ws/nba/yuta-watanabe,yuta-watanabe,F
Y. Missi,https://sports.ws/nba/yves-missi,yves-missi,C
Y. Pons,https://sports.ws/nba/yves-pons,yves-pons,GF
Z. Risacher,https://sports.ws/nba/zaccharie-risacher,zaccharie-risacher,F
Z. Collins,https://sports.ws/nba/zach-collins,zach-collins,C
Z. Edey,https://sports.ws/nba/zach-edey,zach-edey,C
Z. LaVine,https://sports.ws/nba/zach-lavine,zach-lavine,GF
Z. Simpson,https://sports.ws/nba/zavier-simpson,zavier-simpson,G
Z. Nnaji,https://sports.ws/nba/zeke-nnaji,zeke-nnaji,FC
Z. Smith,https://sports.ws/nba/zhaire-smith,zhaire-smith,GF
Z. Williams,https://sports.ws/nba/ziaire-williams,ziaire-williams,F
Z. Williamson,https://sports.ws/nba/zion-williamson,zion-williamson,F
Z. Cheatham,https://sports.ws/nba/zylan-cheatham,zylan-cheatham,F
Z. Pullin,https://sports.ws/nba/zyon-pullin,zyon-pullin,G