Name,Player Link,Player Key,Team,Pos
A. Pony,https://sports.ws/nba/a-pony,a-pony,,
A. Gordon,https://sports.ws/nba/aaron-gordon,aaron-gordon,DEN,F
A. Henry,https://sports.ws/nba/aaron-henry,aaron-henry,,
A. Holiday,https://sports.ws/nba/aaron-holiday,aaron-holiday,HOU,G
A. Nesmith,https://sports.ws/nba/aaron-nesmith,aaron-nesmith,IND,F
A. Wiggins,https://sports.ws/nba/aaron-wiggins,aaron-wiggins,OKC,GF
A. Nader,https://sports.ws/nba/abdel-nader,abdel-nader,,
A. Flagler,https://sports.ws/nba/adam-flagler,adam-flagler,OKC,G
A. Mokoka,https://sports.ws/nba/adam-mokoka,adam-mokoka,,
A. Sanogo,https://sports.ws/nba/adama-sanogo,adama-sanogo,CHI,C
A. Murkey,https://sports.ws/nba/ade-murkey,ade-murkey,,
A. Bona,https://sports.ws/nba/adem-bona,adem-bona,PHI,C
A. Schofield,https://sports.ws/nba/admiral-schofield,admiral-schofield,,
A. Caver,https://sports.ws/nba/ahmad-caver,ahmad-caver,,
A. Green,https://sports.ws/nba/aj-green,aj-green,MIL,G
A. Griffin,https://sports.ws/nba/aj-griffin,aj-griffin,HOU,F
A. Johnson,https://sports.ws/nba/aj-johnson,aj-johnson,MIL,G
A. Lawson,https://sports.ws/nba/aj-lawson,aj-lawson,DAL,GF
A. Mitchell,https://sports.ws/nba/ajay-mitchell,ajay-mitchell,OKC,G
A. Aminu,https://sports.ws/nba/al-farouq-aminu,al-farouq-aminu,,
A. Horford,https://sports.ws/nba/al-horford,al-horford,BOS,FC
A. Burks,https://sports.ws/nba/alec-burks,alec-burks,MIA,GF
A. Pokusevski,https://sports.ws/nba/aleksej-pokusevski,aleksej-pokusevski,,
A. Smailagic,https://sports.ws/nba/alen-smailagic,alen-smailagic,,
A. Caruso,https://sports.ws/nba/alex-caruso,alex-caruso,OKC,G
A. Ducas,https://sports.ws/nba/alex-ducas,alex-ducas,OKC,G
A. Fudge,https://sports.ws/nba/alex-fudge,alex-fudge,,
A. Len,https://sports.ws/nba/alex-len,alex-len,SAC,C
A. Reese,https://sports.ws/nba/alex-reese,alex-reese,OKC,FC
A. Sarr,https://sports.ws/nba/alex-sarr,alex-sarr,WAS,FC
A. McKinnie,https://sports.ws/nba/alfonzo-mckinnie,alfonzo-mckinnie,,
A. Johnson,https://sports.ws/nba/alize-johnson,alize-johnson,,
A. Williams,https://sports.ws/nba/alondes-williams,alondes-williams,DET,G
A. Sengun,https://sports.ws/nba/alperen-sengun,alperen-sengun,HOU,C
A. Bailey,https://sports.ws/nba/amari-bailey,amari-bailey,,
A. Thompson,https://sports.ws/nba/amen-thompson,amen-thompson,HOU,GF
A. Brimah,https://sports.ws/nba/amida-brimah,amida-brimah,,
A. Coffey,https://sports.ws/nba/amir-coffey,amir-coffey,LAC,F
A. Varejao,https://sports.ws/nba/anderson-varejao,anderson-varejao,,
A. Drummond,https://sports.ws/nba/andre-drummond,andre-drummond,PHI,C
A. Iguodala,https://sports.ws/nba/andre-iguodala,andre-iguodala,,
A. Jackson Jr.,https://sports.ws/nba/andre-jackson-jr,andre-jackson,MIL,GF
A. Roberson,https://sports.ws/nba/andre-roberson,andre-roberson,,
A. Funk,https://sports.ws/nba/andrew-funk,andrew-funk,,
A. Nembhard,https://sports.ws/nba/andrew-nembhard,andrew-nembhard,IND,G
A. Wiggins,https://sports.ws/nba/andrew-wiggins,andrew-wiggins,GSW,F
A. Simons,https://sports.ws/nba/anfernee-simons,anfernee-simons,POR,G
A. Black,https://sports.ws/nba/anthony-black,anthony-black,ORL,G
A. Davis,https://sports.ws/nba/anthony-davis,anthony-davis,LAL,C
A. Edwards,https://sports.ws/nba/anthony-edwards,anthony-edwards,MIN,GF
A. Gill,https://sports.ws/nba/anthony-gill,anthony-gill,WAS,FC
A. Lamb,https://sports.ws/nba/anthony-lamb,anthony-lamb,,
A. Tolliver,https://sports.ws/nba/anthony-tolliver,anthony-tolliver,,
A. Watson,https://sports.ws/nba/anton-watson,anton-watson,BOS,F
A. Reeves,https://sports.ws/nba/antonio-reeves,antonio-reeves,NOP,G
A. Pasecniks,https://sports.ws/nba/anzejs-pasecniks,anzejs-pasecniks,MIL,C
A. Hukporti,https://sports.ws/nba/ariel-hukporti,ariel-hukporti,NYK,C
A. Traore,https://sports.ws/nba/armel-traore,armel-traore,LAL,F
A. Brooks,https://sports.ws/nba/armoni-brooks,armoni-brooks,,
A. Kulboka,https://sports.ws/nba/arnoldas-kulboka,arnoldas-kulboka,,
A. Baynes,https://sports.ws/nba/aron-baynes,aron-baynes,,
A. Hagans,https://sports.ws/nba/ashton-hagans,ashton-hagans,,
A. Thompson,https://sports.ws/nba/ausar-thompson,ausar-thompson,DET,F
A. Reaves,https://sports.ws/nba/austin-reaves,austin-reaves,LAL,G
A. Rivers,https://sports.ws/nba/austin-rivers,austin-rivers,,
A. Bradley,https://sports.ws/nba/avery-bradley,avery-bradley,,
A. Toupane,https://sports.ws/nba/axel-toupane,axel-toupane,,
A. Dosunmu,https://sports.ws/nba/ayo-dosunmu,ayo-dosunmu,CHI,GF
A. Tubelis,https://sports.ws/nba/azuolas-tubelis,azuolas-tubelis,,
B. Adebayo,https://sports.ws/nba/bam-adebayo,bam-adebayo,MIA,C
B. Stinson,https://sports.ws/nba/barney-stinson,barney-stinson,,
B. Scheierman,https://sports.ws/nba/baylor-scheierman,baylor-scheierman,BOS,F
B. McLemore,https://sports.ws/nba/ben-mclemore,ben-mclemore,,
B. Sheppard,https://sports.ws/nba/ben-sheppard,ben-sheppard,IND,GF
B. Simmons,https://sports.ws/nba/ben-simmons,ben-simmons,BKN,G
B. Mathurin,https://sports.ws/nba/bennedict-mathurin,bennedict-mathurin,IND,F
B. Coulibaly,https://sports.ws/nba/bilal-coulibaly,bilal-coulibaly,WAS,GF
B. Biyombo,https://sports.ws/nba/bismack-biyombo,bismack-biyombo,,
B. Johnson,https://sports.ws/nba/bj-johnson,bj-johnson,,
B. Griffin,https://sports.ws/nba/blake-griffin,blake-griffin,,
B. Hinson,https://sports.ws/nba/blake-hinson,blake-hinson,LAL,G
B. Wesley,https://sports.ws/nba/blake-wesley,blake-wesley,SAS,G
B. Marjanovic,https://sports.ws/nba/boban-marjanovic,boban-marjanovic,,
B. Portis,https://sports.ws/nba/bobby-portis,bobby-portis,MIL,F
B. Klintman,https://sports.ws/nba/bobi-klintman,bobi-klintman,DET,F
B. Bogdanovic,https://sports.ws/nba/bogdan-bogdanovic,bogdan-bogdanovic,ATL,GF
B. Bogdanovic,https://sports.ws/nba/bojan-bogdanovic,bojan-bogdanovic,BKN,F
B. Bol,https://sports.ws/nba/bol-bol,bol-bol,PHX,FC
B. Hyland,https://sports.ws/nba/bones-hyland,bones-hyland,LAC,G
B. Buie,https://sports.ws/nba/boo-buie,boo-buie,NYK,G
B. Wanamaker,https://sports.ws/nba/brad-wanamaker,brad-wanamaker,,
B. Beal,https://sports.ws/nba/bradley-beal,bradley-beal,PHX,GF
B. Carlson,https://sports.ws/nba/branden-carlson,branden-carlson,TOR,F
B. Podziemski,https://sports.ws/nba/brandin-podziemski,brandin-podziemski,GSW,G
B. Boston Jr.,https://sports.ws/nba/brandon-boston,brandon-boston,NOP,GF
B. Clarke,https://sports.ws/nba/brandon-clarke,brandon-clarke,MEM,F
B. Goodwin,https://sports.ws/nba/brandon-goodwin,brandon-goodwin,,
B. Ingram,https://sports.ws/nba/brandon-ingram,brandon-ingram,NOP,GF
B. Knight,https://sports.ws/nba/brandon-knight,brandon-knight,,
B. Miller,https://sports.ws/nba/brandon-miller,brandon-miller,CHA,F
B. Williams,https://sports.ws/nba/brandon-williams,brandon-williams,DAL,G
B. Key,https://sports.ws/nba/braxton-key,braxton-key,,
B. Bowen II,https://sports.ws/nba/brian-bowen,brian-bowen,,
B. Sensabaugh,https://sports.ws/nba/brice-sensabaugh,brice-sensabaugh,UTA,F
B. Thomas,https://sports.ws/nba/brodric-thomas,brodric-thomas,,
B. James,https://sports.ws/nba/bronny-james,bronny-james,LAL,G
B. Lopez,https://sports.ws/nba/brook-lopez,brook-lopez,MIL,C
B. Brown,https://sports.ws/nba/bruce-brown-jr,bruce-brown,TOR,G
B. Caboclo,https://sports.ws/nba/bruno-caboclo,bruno-caboclo,,
B. Fernando,https://sports.ws/nba/bruno-fernando,bruno-fernando,TOR,C
B. McGowens,https://sports.ws/nba/bryce-mcgowens,bryce-mcgowens,POR,GF
B. Forbes,https://sports.ws/nba/bryn-forbes,bryn-forbes,,
B. Carrington,https://sports.ws/nba/bub-carrington,bub-carrington,WAS,G
B. Boeheim,https://sports.ws/nba/buddy-boeheim,buddy-boeheim,,
B. Hield,https://sports.ws/nba/buddy-hield,buddy-hield,GSW,GF
C. Cunningham,https://sports.ws/nba/cade-cunningham,cade-cunningham,DET,G
C. Houstan,https://sports.ws/nba/caleb-houstan,caleb-houstan,ORL,GF
C. Martin,https://sports.ws/nba/caleb-martin,caleb-martin,PHI,GF
C. Christie,https://sports.ws/nba/cam-christie,cam-christie,LAC,G
C. Reddish,https://sports.ws/nba/cam-reddish,cam-reddish,LAL,GF
C. Spencer,https://sports.ws/nba/cam-spencer,cam-spencer,MEM,G
C. Thomas,https://sports.ws/nba/cam-thomas,cam-thomas,BKN,GF
C. Whitmore,https://sports.ws/nba/cam-whitmore,cam-whitmore,HOU,F
C. Johnson,https://sports.ws/nba/cameron-johnson,cameron-johnson,BKN,F
C. Oliver,https://sports.ws/nba/cameron-oliver,cameron-oliver,LAL,FC
C. Payne,https://sports.ws/nba/cameron-payne,cameron-payne,NYK,G
C. LeVert,https://sports.ws/nba/caris-levert,caris-levert,CLE,GF
C. Jones,https://sports.ws/nba/carlik-jones,carlik-jones,,
C. Anthony,https://sports.ws/nba/carmelo-anthony,carmelo-anthony,,
C. Edwards,https://sports.ws/nba/carsen-edwards,carsen-edwards,,
C. Wallace,https://sports.ws/nba/cason-wallace,cason-wallace,OKC,GF
C. Stanley,https://sports.ws/nba/cassius-stanley,cassius-stanley,,
C. Winston,https://sports.ws/nba/cassius-winston,cassius-winston,,
C. Barber,https://sports.ws/nba/cat-barber,cat-barber,,
C. Osman,https://sports.ws/nba/cedi-osman,cedi-osman,,
C. Comanche,https://sports.ws/nba/chance-comanche,chance-comanche,,
C. Hutchison,https://sports.ws/nba/chandler-hutchison,chandler-hutchison,,
C. Bassey,https://sports.ws/nba/charles-bassey,charles-bassey,SAS,FC
C. Bediako,https://sports.ws/nba/charles-bediako,charles-bediako,,
C. Brown Jr.,https://sports.ws/nba/charlie-brown-jr,charlie-brown,CHA,GF
C. Randle,https://sports.ws/nba/chasson-randle,chasson-randle,,
C. Brown,https://sports.ws/nba/chaundee-brown,chaundee-brown,,
C. Diallo,https://sports.ws/nba/cheick-diallo,cheick-diallo,,
C. Holmgren,https://sports.ws/nba/chet-holmgren,chet-holmgren,OKC,C
C. Moneke,https://sports.ws/nba/chima-moneke,chima-moneke,,
C. Metu,https://sports.ws/nba/chimezie-metu,chimezie-metu,,
C. Boucher,https://sports.ws/nba/chris-boucher,chris-boucher,TOR,FC
C. Chiozza,https://sports.ws/nba/chris-chiozza,chris-chiozza,,
C. Duarte,https://sports.ws/nba/chris-duarte,chris-duarte,CHI,GF
C. Livingston,https://sports.ws/nba/chris-livingston,chris-livingston,MIL,F
C. Paul,https://sports.ws/nba/chris-paul,chris-paul,SAS,G
C. Silva,https://sports.ws/nba/chris-silva,chris-silva,,
C. Braun,https://sports.ws/nba/christian-braun,christian-braun,DEN,GF
C. Koloko,https://sports.ws/nba/christian-koloko,christian-koloko,LAL,C
C. Wood,https://sports.ws/nba/christian-wood,christian-wood,LAL,F
C. Okeke,https://sports.ws/nba/chuma-okeke,chuma-okeke,NYK,GF
C. Elleby,https://sports.ws/nba/cj-elleby,cj-elleby,,
C. McCollum,https://sports.ws/nba/cj-mccollum,cj-mccollum,NOP,G
C. Miles,https://sports.ws/nba/cj-miles,cj-miles,,
C. Capela,https://sports.ws/nba/clint-capela,clint-capela,ATL,C
C. White,https://sports.ws/nba/coby-white,coby-white,CHI,G
C. Martin,https://sports.ws/nba/cody-martin,cody-martin,CHA,GF
C. Williams,https://sports.ws/nba/cody-williams,cody-williams,UTA,F
C. Zeller,https://sports.ws/nba/cody-zeller,cody-zeller,ATL,C
C. Jones,https://sports.ws/nba/colby-jones,colby-jones,SAC,GF
C. Anthony,https://sports.ws/nba/cole-anthony,cole-anthony,ORL,G
C. Swider,https://sports.ws/nba/cole-swider,cole-swider,DET,GF
C. Castleton,https://sports.ws/nba/colin-castleton,colin-castleton,MEM,C
C. Gillespie,https://sports.ws/nba/collin-gillespie,collin-gillespie,PHX,G
C. Sexton,https://sports.ws/nba/collin-sexton,collin-sexton,UTA,GF
C. Kispert,https://sports.ws/nba/corey-kispert,corey-kispert,WAS,F
C. Joseph,https://sports.ws/nba/cory-joseph,cory-joseph,ORL,G
C. Porter,https://sports.ws/nba/craig-porter,craig-porter,CLE,G
C. Felicio,https://sports.ws/nba/cristiano-felicio,cristiano-felicio,,
D. Plowden,https://sports.ws/nba/daeqwon-plowden,daeqwon-plowden,GSW,GF
D. Nix,https://sports.ws/nba/daishen-nix,daishen-nix,MIN,G
D. Mathias,https://sports.ws/nba/dakota-mathias,dakota-mathias,,
D. Banton,https://sports.ws/nba/dalano-banton,dalano-banton,POR,G
D. Terry,https://sports.ws/nba/dalen-terry,dalen-terry,CHI,GF
D. Knecht,https://sports.ws/nba/dalton-knecht,dalton-knecht,LAL,F
D. Jones,https://sports.ws/nba/damian-jones,damian-jones,,
D. Lillard,https://sports.ws/nba/damian-lillard,damian-lillard,MIL,G
D. Lee,https://sports.ws/nba/damion-lee,damion-lee,PHX,GF
D. Dotson,https://sports.ws/nba/damyean-dotson,damyean-dotson,,
D. Russell,https://sports.ws/nba/dangelo-russell,dangelo-russell,LAL,G
D. Gafford,https://sports.ws/nba/daniel-gafford,daniel-gafford,DAL,C
D. Oturu,https://sports.ws/nba/daniel-oturu,daniel-oturu,,
D. Theis,https://sports.ws/nba/daniel-theis,daniel-theis,NOP,C
D. Gallinari,https://sports.ws/nba/danilo-gallinari,danilo-gallinari,,
D. Jenkins,https://sports.ws/nba/daniss-jenkins,daniss-jenkins,DET,G
D. Green,https://sports.ws/nba/danny-green,danny-green,,
D. Exum,https://sports.ws/nba/dante-exum,dante-exum,DAL,G
D. House Jr.,https://sports.ws/nba/danuel-house,danuel-house,,
D. Jeffries,https://sports.ws/nba/daquan-jeffries,daquan-jeffries,CHA,F
D. Saric,https://sports.ws/nba/dario-saric,dario-saric,DEN,C
D. Whitehead,https://sports.ws/nba/dariq-whitehead,dariq-whitehead,BKN,G
D. Bazley,https://sports.ws/nba/darius-bazley,darius-bazley,,
D. Days,https://sports.ws/nba/darius-days,darius-days,,
D. Garland,https://sports.ws/nba/darius-garland,darius-garland,CLE,G
D. Miller,https://sports.ws/nba/darius-miller,darius-miller,,
D. Holmes II,https://sports.ws/nba/daron-holmes,daron-holmes,DEN,F
D. Collison,https://sports.ws/nba/darren-collison,darren-collison,,
D. Duke Jr.,https://sports.ws/nba/david-duke,david-duke,SAS,F
D. Johnson,https://sports.ws/nba/david-johnson,david-johnson,,
D. Jones,https://sports.ws/nba/david-jones,david-jones,PHI,F
D. Nwaba,https://sports.ws/nba/david-nwaba,david-nwaba,,
D. Roddy,https://sports.ws/nba/david-roddy,david-roddy,ATL,F
D. Mitchell,https://sports.ws/nba/davion-mitchell,davion-mitchell,TOR,G
D. Bertans,https://sports.ws/nba/davis-bertans,davis-bertans,,
D. Reed,https://sports.ws/nba/davon-reed,davon-reed,,
D. Sharpe,https://sports.ws/nba/dayron-sharpe,dayron-sharpe,BKN,C
D. Fox,https://sports.ws/nba/deaaron-fox,deaaron-fox,SAC,G
D. Wade,https://sports.ws/nba/dean-wade,dean-wade,CLE,F
D. Ayton,https://sports.ws/nba/deandre-ayton,deandre-ayton,POR,C
D. Bembry,https://sports.ws/nba/deandre-bembry,deandre-bembry,,
D. Hunter,https://sports.ws/nba/deandre-hunter,deandre-hunter,ATL,F
D. Jordan,https://sports.ws/nba/deandre-jordan,deandre-jordan,DEN,C
D. Melton,https://sports.ws/nba/deanthony-melton,deanthony-melton,GSW,G
D. Sirvydis,https://sports.ws/nba/deividas-sirvydis,deividas-sirvydis,,
D. Jarreau,https://sports.ws/nba/dejon-jarreau,dejon-jarreau,,
D. Murray,https://sports.ws/nba/dejounte-murray,dejounte-murray,NOP,G
D. Wright,https://sports.ws/nba/delon-wright,delon-wright,MIL,G
D. DeRozan,https://sports.ws/nba/demar-derozan,demar-derozan,SAC,F
D. Cousins,https://sports.ws/nba/demarcus-cousins,demarcus-cousins,,
D. Avdija,https://sports.ws/nba/deni-avdija,deni-avdija,POR,F
D. Schroder,https://sports.ws/nba/dennis-schroder,dennis-schroder,BKN,G
D. Smith Jr.,https://sports.ws/nba/dennis-smith-jr,dennis-smith,,
D. Valentine,https://sports.ws/nba/denzel-valentine,denzel-valentine,,
D. Burton,https://sports.ws/nba/deonte-burton,deonte-burton,,
D. Lively II,https://sports.ws/nba/dereck-lively,dereck-lively,DAL,C
D. Seabron,https://sports.ws/nba/dereon-seabron,dereon-seabron,,
D. Favors,https://sports.ws/nba/derrick-favors,derrick-favors,,
D. Jones Jr.,https://sports.ws/nba/derrick-jones-jr,derrick-jones,LAC,F
D. Rose,https://sports.ws/nba/derrick-rose,derrick-rose,,
D. Walton Jr.,https://sports.ws/nba/derrick-walton-jr,derrick-walton,,
D. White,https://sports.ws/nba/derrick-white,derrick-white,BOS,G
D. Bane,https://sports.ws/nba/desmond-bane,desmond-bane,MEM,GF
D. Carter,https://sports.ws/nba/devin -carter,devin--carter,SAC,G
D. Booker,https://sports.ws/nba/devin-booker,devin-booker,PHX,G
D. Cannady,https://sports.ws/nba/devin-cannady,devin-cannady,,
D. Vassell,https://sports.ws/nba/devin-vassell,devin-vassell,SAS,G
D. Dotson,https://sports.ws/nba/devon-dotson,devon-dotson,,
D. Cacok,https://sports.ws/nba/devontae-cacok,devontae-cacok,,
D. Graham,https://sports.ws/nba/devonte-graham,devonte-graham,POR,G
D. Dedmon,https://sports.ws/nba/dewayne-dedmon,dewayne-dedmon,,
D. Dennis,https://sports.ws/nba/dexter-dennis,dexter-dennis,,
D. Brooks,https://sports.ws/nba/dillon-brooks,dillon-brooks,HOU,F
D. Jones,https://sports.ws/nba/dillon-jones,dillon-jones,OKC,F
D. Augustin,https://sports.ws/nba/dj-augustin,dj-augustin,,
D. Carton,https://sports.ws/nba/dj-carton,dj-carton,TOR,G
D. Steward,https://sports.ws/nba/dj-steward,dj-steward,CHI,G
D. Wilson,https://sports.ws/nba/dj-wilson,dj-wilson,,
D. Hodge,https://sports.ws/nba/dmoi-hodge,dmoi-hodge,,
D. Skapintsev,https://sports.ws/nba/dmytro-skapintsev,dmytro-skapintsev,,
D. Sabonis,https://sports.ws/nba/domantas-sabonis,domantas-sabonis,SAC,C
D. Barlow,https://sports.ws/nba/dominick-barlow,dominick-barlow,ATL,FC
D. Clingan,https://sports.ws/nba/donovan-clingan,donovan-clingan,POR,C
D. Mitchell,https://sports.ws/nba/donovan-mitchell,donovan-mitchell,CLE,G
D. Williams,https://sports.ws/nba/donovan-williams,donovan-williams,,
D. Hall,https://sports.ws/nba/donta-hall,donta-hall,,
D. DiVincenzo,https://sports.ws/nba/donte-divincenzo,donte-divincenzo,MIN,GF
D. Finney-Smith,https://sports.ws/nba/dorian-finney-smith,dorian-finney-smith,BKN,F
D. McDermott,https://sports.ws/nba/doug-mcdermott,doug-mcdermott,SAC,GF
D. Green,https://sports.ws/nba/draymond-green,draymond-green,GSW,F
D. Eubanks,https://sports.ws/nba/drew-eubanks,drew-eubanks,UTA,C
D. Peterson,https://sports.ws/nba/drew-peterson,drew-peterson,BOS,F
D. Smith,https://sports.ws/nba/dru-smith,dru-smith,MIA,G
D. Washington Jr.,https://sports.ws/nba/duane-washington,duane-washington,CHA,G
D. Robinson,https://sports.ws/nba/duncan-robinson,duncan-robinson,MIA,GF
D. Reath,https://sports.ws/nba/duop-reath,duop-reath,POR,C
D. Bacon,https://sports.ws/nba/dwayne-bacon,dwayne-bacon,,
D. Howard,https://sports.ws/nba/dwight-howard,dwight-howard,,
D. Powell,https://sports.ws/nba/dwight-powell,dwight-powell,DAL,C
D. Windler,https://sports.ws/nba/dylan-windler,dylan-windler,,
D. Daniels,https://sports.ws/nba/dyson-daniels,dyson-daniels,ATL,G
E. Davis,https://sports.ws/nba/ed-davis,ed-davis,,
E. Sumner,https://sports.ws/nba/edmond-sumner,edmond-sumner,,
E. Liddell,https://sports.ws/nba/ej-liddell,ej-liddell,CHI,F
E. Payton,https://sports.ws/nba/elfrid-payton,elfrid-payton,,
E. Bryant,https://sports.ws/nba/elijah-bryant,elijah-bryant,,
E. Hughes,https://sports.ws/nba/elijah-hughes,elijah-hughes,,
E. Terry,https://sports.ws/nba/emanuel-terry,emanuel-terry,,
E. Mudiay,https://sports.ws/nba/emmanuel-mudiay,emmanuel-mudiay,,
E. Bates,https://sports.ws/nba/emoni-bates,emoni-bates,CLE,GF
E. Kanter,https://sports.ws/nba/enes-kanter,enes-kanter,,
E. Freeman,https://sports.ws/nba/enrique-freeman,enrique-freeman,IND,F
E. Bledsoe,https://sports.ws/nba/eric-bledsoe,eric-bledsoe,,
E. Gordon,https://sports.ws/nba/eric-gordon,eric-gordon,PHI,GF
E. Paschall,https://sports.ws/nba/eric-paschall,eric-paschall,,
E. Ilyasova,https://sports.ws/nba/ersan-ilyasova,ersan-ilyasova,,
E. Moore,https://sports.ws/nba/etwaun-moore,etwaun-moore,,
E. Omoruyi,https://sports.ws/nba/eugene-omoruyi,eugene-omoruyi,WAS,F
E. Fournier,https://sports.ws/nba/evan-fournier,evan-fournier,,
E. Mobley,https://sports.ws/nba/evan-mobley,evan-mobley,CLE,FC
F. Campazzo,https://sports.ws/nba/facundo-campazzo,facundo-campazzo,,
F. Petrusev,https://sports.ws/nba/filip-petrusev,filip-petrusev,,
F. Jackson,https://sports.ws/nba/frank-jackson,frank-jackson,,
F. Kaminsky,https://sports.ws/nba/frank-kaminsky,frank-kaminsky,,
F. Mason,https://sports.ws/nba/frank-mason,frank-mason,,
F. Ntilikina,https://sports.ws/nba/frank-ntilikina,frank-ntilikina,,
F. Wagner,https://sports.ws/nba/franz-wagner,franz-wagner,ORL,F
F. VanVleet,https://sports.ws/nba/fred-vanvleet,fred-vanvleet,HOU,G
F. Gillespie,https://sports.ws/nba/freddie-gillespie,freddie-gillespie,,
F. Korkmaz,https://sports.ws/nba/furkan-korkmaz,furkan-korkmaz,,
G. Vincent,https://sports.ws/nba/gabe-vincent,gabe-vincent,LAL,G
G. York,https://sports.ws/nba/gabe-york,gabe-york,,
G. Deck,https://sports.ws/nba/gabriel-deck,gabriel-deck,,
G. Lundberg,https://sports.ws/nba/gabriel-lundberg,gabriel-lundberg,,
G. Procida,https://sports.ws/nba/gabriele-procida,gabriele-procida,,
G. Temple,https://sports.ws/nba/garrett-temple,garrett-temple,TOR,GF
G. Mathews,https://sports.ws/nba/garrison-mathews,garrison-mathews,ATL,GF
G. Clark,https://sports.ws/nba/gary-clark,gary-clark,,
G. Harris,https://sports.ws/nba/gary-harris,gary-harris,ORL,G
G. Payton II,https://sports.ws/nba/gary-payton-ii,gary-payton,GSW,G
G. Trent Jr.,https://sports.ws/nba/gary-trent-jr,gary-trent,MIL,GF
G. Hill,https://sports.ws/nba/george-hill,george-hill,,
G. King b.1994,https://sports.ws/nba/george-king-1994,george-king-1994,,
G. Niang,https://sports.ws/nba/georges-niang,georges-niang,CLE,F
G. Kalaitzakis,https://sports.ws/nba/georgios-kalaitzakis,georgios-kalaitzakis,,
G. Jackson II,https://sports.ws/nba/gg-jackson,gg-jackson,MEM,F
G. Antetokounmpo,https://sports.ws/nba/giannis-antetokounmpo,giannis-antetokounmpo,MIL,FC
G. Robinson III,https://sports.ws/nba/glenn-robinson-iii,glenn-robinson,,
G. Bitadze,https://sports.ws/nba/goga-bitadze,goga-bitadze,ORL,C
G. Dragic,https://sports.ws/nba/goran-dragic,goran-dragic,,
G. Hayward,https://sports.ws/nba/gordon-hayward,gordon-hayward,,
G. Dieng,https://sports.ws/nba/gorgui-dieng,gorgui-dieng,,
G. Dick,https://sports.ws/nba/gradey-dick,gradey-dick,TOR,GF
G. Riller,https://sports.ws/nba/grant-riller,grant-riller,,
G. Williams,https://sports.ws/nba/grant-williams,grant-williams,CHA,FC
G. Allen,https://sports.ws/nba/grayson-allen,grayson-allen,PHX,G
G. Brown III,https://sports.ws/nba/greg-brown,greg-brown,,
G. Monroe,https://sports.ws/nba/greg-monroe,greg-monroe,,
G. Whittington,https://sports.ws/nba/greg-whittington,greg-whittington,,
G. Yabusele,https://sports.ws/nba/guerschon-yabusele,guerschon-yabusele,PHI,FC
G. Santos,https://sports.ws/nba/gui-santos,gui-santos,GSW,F
H. Diallo,https://sports.ws/nba/hamidou-diallo,hamidou-diallo,,
H. Barnes,https://sports.ws/nba/harrison-barnes,harrison-barnes,SAS,F
H. Ingram,https://sports.ws/nba/harrison-ingram,harrison-ingram,SAS,F
H. Giles III,https://sports.ws/nba/harry-giles,harry-giles,,
H. Whiteside,https://sports.ws/nba/hassan-whiteside,hassan-whiteside,,
H. Gravett,https://sports.ws/nba/hassani-gravett,hassani-gravett,,
H. Highsmith,https://sports.ws/nba/haywood-highsmith,haywood-highsmith,MIA,F
H. Drell,https://sports.ws/nba/henri-drell,henri-drell,POR,F
H. Ellenson,https://sports.ws/nba/henry-ellenson,henry-ellenson,,
H. Jones,https://sports.ws/nba/herbert-jones,herbert-jones,NOP,F
H. Tyson,https://sports.ws/nba/hunter-tyson,hunter-tyson,DEN,F
I. Badji,https://sports.ws/nba/ibou-badji,ibou-badji,,
I. Brazdeikis,https://sports.ws/nba/ignas-brazdeikis,ignas-brazdeikis,,
I. Shumpert,https://sports.ws/nba/iman-shumpert,iman-shumpert,,
I. Quickley,https://sports.ws/nba/immanuel-quickley,immanuel-quickley,TOR,G
I. Bonga,https://sports.ws/nba/isaac-bonga,isaac-bonga,,
I. Jones,https://sports.ws/nba/isaac-jones,isaac-jones,SAC,C
I. Okoro,https://sports.ws/nba/isaac-okoro,isaac-okoro,CLE,F
I. Collier,https://sports.ws/nba/isaiah-collier,isaiah-collier,UTA,G
I. Crawford,https://sports.ws/nba/isaiah-crawford,isaiah-crawford,SAC,GF
I. Hartenstein,https://sports.ws/nba/isaiah-hartenstein,isaiah-hartenstein,OKC,C
I. Jackson,https://sports.ws/nba/isaiah-jackson,isaiah-jackson,IND,C
I. Joe,https://sports.ws/nba/isaiah-joe,isaiah-joe,OKC,G
I. Livers,https://sports.ws/nba/isaiah-livers,isaiah-livers,,
I. Mobley,https://sports.ws/nba/isaiah-mobley,isaiah-mobley,,
I. Roby,https://sports.ws/nba/isaiah-roby,isaiah-roby,,
I. Stewart,https://sports.ws/nba/isaiah-stewart,isaiah-stewart,DET,FC
I. Thomas,https://sports.ws/nba/isaiah-thomas,isaiah-thomas,,
I. Todd,https://sports.ws/nba/isaiah-todd,isaiah-todd,,
I. Wong,https://sports.ws/nba/isaiah-wong,isaiah-wong,,
I. Smith,https://sports.ws/nba/ish-smith,ish-smith,,
I. Wainright,https://sports.ws/nba/ish-wainright,ish-wainright,,
I. Kamagate,https://sports.ws/nba/ismael-kamagate,ismael-kamagate,,
I. Zubac,https://sports.ws/nba/ivica-zubac,ivica-zubac,LAC,C
I. Brockington,https://sports.ws/nba/izaiah-brockington,izaiah-brockington,,
J. Morant,https://sports.ws/nba/ja-morant,ja-morant,MEM,G
J. Parker,https://sports.ws/nba/jabari-parker,jabari-parker,,
J. Smith Jr.,https://sports.ws/nba/jabari-smith-jr,jabari-smith,HOU,FC
J. Walker,https://sports.ws/nba/jabari-walker,jabari-walker,POR,F
J. McVeigh,https://sports.ws/nba/jack-mcveigh,jack-mcveigh,HOU,F
J. White,https://sports.ws/nba/jack-white,jack-white,,
J. Gilyard,https://sports.ws/nba/jacob-gilyard,jacob-gilyard,,
J. Toppin,https://sports.ws/nba/jacob-toppin,jacob-toppin,NYK,F
J. Hardy,https://sports.ws/nba/jaden-hardy,jaden-hardy,DAL,G
J. Ivey,https://sports.ws/nba/jaden-ivey,jaden-ivey,DET,G
J. McDaniels,https://sports.ws/nba/jaden-mcdaniels,jaden-mcdaniels,MIN,F
J. Springer,https://sports.ws/nba/jaden-springer,jaden-springer,BOS,G
J. Crowder,https://sports.ws/nba/jae-crowder,jae-crowder,,
J. Tate,https://sports.ws/nba/jaesean-tate,jaesean-tate,HOU,GF
J. Okafor,https://sports.ws/nba/jahlil-okafor,jahlil-okafor,,
J. Ramsey,https://sports.ws/nba/jahmius-ramsey,jahmius-ramsey,,
J. Echenique,https://sports.ws/nba/jaime-echenique,jaime-echenique,,
J. Jaquez Jr.,https://sports.ws/nba/jaime-jaquez,jaime-jaquez,MIA,GF
J. Sampson,https://sports.ws/nba/jakarr-sampson,jakarr-sampson,,
J. LaRavia,https://sports.ws/nba/jake-laravia,jake-laravia,MEM,F
J. Layman,https://sports.ws/nba/jake-layman,jake-layman,,
J. Poeltl,https://sports.ws/nba/jakob-poeltl,jakob-poeltl,TOR,C
J. Walter,https://sports.ws/nba/jakobe-walter,jakobe-walter,TOR,G
J. Bridges,https://sports.ws/nba/jalen-bridges,jalen-bridges,PHX,F
J. Brunson,https://sports.ws/nba/jalen-brunson,jalen-brunson,NYK,G
J. Crutcher,https://sports.ws/nba/jalen-crutcher,jalen-crutcher,,
J. Duren,https://sports.ws/nba/jalen-duren,jalen-duren,DET,C
J. Green,https://sports.ws/nba/jalen-green,jalen-green,HOU,G
J. Harris,https://sports.ws/nba/jalen-harris,jalen-harris,,
J. Hood-Schifino,https://sports.ws/nba/jalen-hood-schifino,jalen-hood-schifino,LAL,GF
J. Johnson,https://sports.ws/nba/jalen-johnson,jalen-johnson,ATL,F
J. Lecque,https://sports.ws/nba/jalen-lecque,jalen-lecque,,
J. McDaniels,https://sports.ws/nba/jalen-mcdaniels,jalen-mcdaniels,SAC,F
J. Pickett,https://sports.ws/nba/jalen-pickett,jalen-pickett,DEN,G
J. Slawson,https://sports.ws/nba/jalen-slawson,jalen-slawson,,
J. Smith,https://sports.ws/nba/jalen-smith,jalen-smith,CHI,C
J. Suggs,https://sports.ws/nba/jalen-suggs,jalen-suggs,ORL,G
J. Williams,https://sports.ws/nba/jalen-williams,jalen-williams,OKC,F
J. Wilson,https://sports.ws/nba/jalen-wilson,jalen-wilson,BKN,F
J. Cain,https://sports.ws/nba/jamal-cain,jamal-cain,NOP,F
J. Murray,https://sports.ws/nba/jamal-murray,jamal-murray,DEN,G
J. Shead,https://sports.ws/nba/jamal-shead,jamal-shead,TOR,G
J. Bouyea,https://sports.ws/nba/jamaree-bouyea,jamaree-bouyea,SAS,G
J. Sharp,https://sports.ws/nba/jamarion-sharp,jamarion-sharp,DAL,C
J. Bouknight,https://sports.ws/nba/james-bouknight,james-bouknight,,
J. Ennis III,https://sports.ws/nba/james-ennis,james-ennis,,
J. Harden,https://sports.ws/nba/james-harden,james-harden,LAC,G
J. Johnson,https://sports.ws/nba/james-johnson,james-johnson,IND,F
J. Nnaji,https://sports.ws/nba/james-nnaji,james-nnaji,,
J. Nunnally,https://sports.ws/nba/james-nunnally,james-nunnally,,
J. Wiseman,https://sports.ws/nba/james-wiseman,james-wiseman,IND,C
J. Battle,https://sports.ws/nba/jamison-battle,jamison-battle,TOR,F
J. Pickett,https://sports.ws/nba/jamorko-pickett,jamorko-pickett,,
J. Green,https://sports.ws/nba/jamychal-green,jamychal-green,,
J. Walker,https://sports.ws/nba/jarace-walker,jarace-walker,IND,F
J. Butler,https://sports.ws/nba/jared-butler,jared-butler,WAS,G
J. Dudley,https://sports.ws/nba/jared-dudley,jared-dudley,,
J. Harper,https://sports.ws/nba/jared-harper,jared-harper,,
J. McCain,https://sports.ws/nba/jared-mccain,jared-mccain,PHI,G
J. Rhoden,https://sports.ws/nba/jared-rhoden,jared-rhoden,CHA,F
J. Jackson Jr.,https://sports.ws/nba/jaren-jackson-jr,jaren-jackson,MEM,C
J. Vanderbilt,https://sports.ws/nba/jarred-vanderbilt,jarred-vanderbilt,LAL,F
J. Brantley,https://sports.ws/nba/jarrell-brantley,jarrell-brantley,,
J. Allen,https://sports.ws/nba/jarrett-allen,jarrett-allen,CLE,C
J. Culver,https://sports.ws/nba/jarrett-culver,jarrett-culver,,
J. Preston,https://sports.ws/nba/jason-preston,jason-preston,UTA,G
J. McGee,https://sports.ws/nba/javale-mcgee,javale-mcgee,,
J. DeLaurier,https://sports.ws/nba/javin-delaurier,javin-delaurier,,
J. Freeman-Liberty,https://sports.ws/nba/javon-freeman-liberty,javon-freeman-liberty,,
J. Green,https://sports.ws/nba/javonte-green,javonte-green,NOP,F
J. Smart,https://sports.ws/nba/javonte-smart,javonte-smart,,
J. Hayes,https://sports.ws/nba/jaxson-hayes,jaxson-hayes,LAL,C
J. Huff,https://sports.ws/nba/jay-huff,jay-huff,MEM,C
J. Scrubb,https://sports.ws/nba/jay-scrubb,jay-scrubb,,
J. Adams,https://sports.ws/nba/jaylen-adams,jaylen-adams,,
J. Brown,https://sports.ws/nba/jaylen-brown,jaylen-brown,BOS,GF
J. Clark,https://sports.ws/nba/jaylen-clark,jaylen-clark,MIN,G
J. Hoard,https://sports.ws/nba/jaylen-hoard,jaylen-hoard,,
J. Martin,https://sports.ws/nba/jaylen-martin,jaylen-martin,BKN,F
J. Morris,https://sports.ws/nba/jaylen-morris,jaylen-morris,,
J. Nowell,https://sports.ws/nba/jaylen-nowell,jaylen-nowell,NOP,G
J. Wells,https://sports.ws/nba/jaylen-wells,jaylen-wells,MEM,F
J. Galloway,https://sports.ws/nba/jaylin-galloway,jaylin-galloway,,
J. Williams,https://sports.ws/nba/jaylin-williams,jaylin-williams,OKC,C
J. Tyson,https://sports.ws/nba/jaylon-tyson,jaylon-tyson,CLE,G
J. Tatum,https://sports.ws/nba/jayson-tatum,jayson-tatum,BOS,F
J. Gortman,https://sports.ws/nba/jazian-gortman,jazian-gortman,DAL,G
J. Davison,https://sports.ws/nba/jd-davison,jd-davison,BOS,G
N. Williams,https://sports.ws/nba/jeenathan-williams,jeenathan-williams,HOU,G
J. Dowtin Jr.,https://sports.ws/nba/jeff-dowtin,jeff-dowtin,PHI,G
J. Green,https://sports.ws/nba/jeff-green,jeff-green,HOU,FC
J. Teague,https://sports.ws/nba/jeff-teague,jeff-teague,,
J. Jones,https://sports.ws/nba/jemerrio-jones,jemerrio-jones,,
J. Grant,https://sports.ws/nba/jerami-grant,jerami-grant,POR,F
J. Martin,https://sports.ws/nba/jeremiah-martin,jeremiah-martin,,
J. Robinson-Earl,https://sports.ws/nba/jeremiah-robinson-earl,jeremiah-robinson-earl,NOP,FC
J. Lamb,https://sports.ws/nba/jeremy-lamb,jeremy-lamb,,
J. Sochan,https://sports.ws/nba/jeremy-sochan,jeremy-sochan,SAS,F
J. Sims,https://sports.ws/nba/jericho-sims,jericho-sims,NYK,C
J. Samuels Jr.,https://sports.ws/nba/jermaine-samuels,jermaine-samuels,HOU,F
J. Robinson,https://sports.ws/nba/jerome-robinson,jerome-robinson,,
J. Edwards,https://sports.ws/nba/jesse-edwards,jesse-edwards,MIN,C
J. Howard,https://sports.ws/nba/jett-howard,jett-howard,ORL,F
J. Carter,https://sports.ws/nba/jevon-carter,jevon-carter,CHI,G
J. Butler,https://sports.ws/nba/jimmy-butler,jimmy-butler,MIA,F
J. Redick,https://sports.ws/nba/jj-redick,jj-redick,,
J. Landale,https://sports.ws/nba/jock-landale,jock-landale,HOU,C
J. Harris,https://sports.ws/nba/joe-harris,joe-harris,,
J. Ingles,https://sports.ws/nba/joe-ingles,joe-ingles,MIN,F
J. Johnson,https://sports.ws/nba/joe-johnson,joe-johnson,,
J. Wieskamp,https://sports.ws/nba/joe-wieskamp,joe-wieskamp,,
J. Ayayi,https://sports.ws/nba/joel-ayayi,joel-ayayi,,
J. Embiid,https://sports.ws/nba/joel-embiid,joel-embiid,PHI,C
J. Hauser,https://sports.ws/nba/joey-hauser,joey-hauser,,
J. Butler,https://sports.ws/nba/john-butler,john-butler,,
J. Collins,https://sports.ws/nba/john-collins,john-collins,UTA,F
J. Konchar,https://sports.ws/nba/john-konchar,john-konchar,MEM,GF
J. Wall,https://sports.ws/nba/john-wall,john-wall,,
J. Davis,https://sports.ws/nba/johnny-davis,johnny-davis,WAS,G
J. Furphy,https://sports.ws/nba/johnny-furphy,johnny-furphy,IND,G
J. Juzang,https://sports.ws/nba/johnny-juzang,johnny-juzang,UTA,F
J. Teske,https://sports.ws/nba/jon-teske,jon-teske,,
J. Valanciunas,https://sports.ws/nba/jonas-valanciunas,jonas-valanciunas,WAS,C
J. Isaac,https://sports.ws/nba/jonathan-isaac,jonathan-isaac,ORL,F
J. Kuminga,https://sports.ws/nba/jonathan-kuminga,jonathan-kuminga,GSW,FC
J. Mogbo,https://sports.ws/nba/jonathan-mogbo,jonathan-mogbo,TOR,F
J. Porter,https://sports.ws/nba/jontay-porter,jontay-porter,,
J. Bell,https://sports.ws/nba/jordan-bell,jordan-bell,,
J. Bone,https://sports.ws/nba/jordan-bone,jordan-bone,,
J. Clarkson,https://sports.ws/nba/jordan-clarkson,jordan-clarkson,UTA,GF
J. Ford,https://sports.ws/nba/jordan-ford,jordan-ford,,
J. Goodwin,https://sports.ws/nba/jordan-goodwin,jordan-goodwin,LAL,G
J. Hall,https://sports.ws/nba/jordan-hall,jordan-hall,,
J. Hawkins,https://sports.ws/nba/jordan-hawkins,jordan-hawkins,NOP,GF
J. McLaughlin,https://sports.ws/nba/jordan-mclaughlin,jordan-mclaughlin,SAC,G
J. Miller,https://sports.ws/nba/jordan-miller,jordan-miller,LAC,GF
J. Nwora,https://sports.ws/nba/jordan-nwora,jordan-nwora,,
J. Poole,https://sports.ws/nba/jordan-poole,jordan-poole,WAS,G
J. Schakel,https://sports.ws/nba/jordan-schakel ,jordan-schakel,,
J. Walsh,https://sports.ws/nba/jordan-walsh,jordan-walsh,BOS,GF
J. Alvarado,https://sports.ws/nba/jose-alvarado,jose-alvarado,NOP,G
J. Christopher,https://sports.ws/nba/josh-christopher,josh-christopher,MIA,G
J. Giddey,https://sports.ws/nba/josh-giddey,josh-giddey,CHI,GF
J. Green,https://sports.ws/nba/josh-green,josh-green,CHA,GF
J. Hall,https://sports.ws/nba/josh-hall,josh-hall,,
J. Hart,https://sports.ws/nba/josh-hart,josh-hart,NYK,F
J. Jackson,https://sports.ws/nba/josh-jackson,josh-jackson,,
J. Minott,https://sports.ws/nba/josh-minott,josh-minott,MIN,F
J. Okogie,https://sports.ws/nba/josh-okogie,josh-okogie,PHX,GF
J. Richardson,https://sports.ws/nba/josh-richardson,josh-richardson,MIA,G
J. Primo,https://sports.ws/nba/joshua-primo,joshua-primo,,
J. Holiday,https://sports.ws/nba/jrue-holiday,jrue-holiday,BOS,G
J. Thor,https://sports.ws/nba/jt-thor,jt-thor,CLE,FC
J. Hernangomez,https://sports.ws/nba/juan-hernangomez,juan-hernangomez,,
J. Nunez,https://sports.ws/nba/juan-nunez,juan-nunez,,
J. Toscano-Anderson,https://sports.ws/nba/juan-toscano-anderson,juan-toscano-anderson,,
J. Bernard,https://sports.ws/nba/jules-bernard,jules-bernard,,
J. Champagnie,https://sports.ws/nba/julian-champagnie,julian-champagnie,SAS,F
J. Phillips,https://sports.ws/nba/julian-phillips,julian-phillips,CHI,F
J. Strawther,https://sports.ws/nba/julian-strawther,julian-strawther,DEN,F
J. Randle,https://sports.ws/nba/julius-randle,julius-randle,MIN,F
J. Anderson,https://sports.ws/nba/justin-anderson,justin-anderson,,
J. Champagnie,https://sports.ws/nba/justin-champagnie,justin-champagnie,WAS,GF
J. Edwards,https://sports.ws/nba/justin-edwards,justin-edwards,PHI,F
J. Holiday,https://sports.ws/nba/justin-holiday,justin-holiday,,
J. Jackson,https://sports.ws/nba/justin-jackson,justin-jackson,,
J. James,https://sports.ws/nba/justin-james,justin-james,,
J. Lewis,https://sports.ws/nba/justin-lewis,justin-lewis,,
J. Minaya,https://sports.ws/nba/justin-minaya,justin-minaya,POR,GF
J. Patton,https://sports.ws/nba/justin-patton,justin-patton,,
J. Robinson,https://sports.ws/nba/justin-robinson,justin-robinson,,
J. Winslow,https://sports.ws/nba/justise-winslow,justise-winslow,,
J. Nurkic,https://sports.ws/nba/jusuf-nurkic,jusuf-nurkic,PHX,C
J. Morgan,https://sports.ws/nba/juwan-morgan,juwan-morgan,,
K. Jones,https://sports.ws/nba/kai-jones,kai-jones,LAC,FC
K. Gates,https://sports.ws/nba/kaiser-gates1,kaiser-gates1,,
K. Mane,https://sports.ws/nba/karim-mane,karim-mane,,
K. Towns,https://sports.ws/nba/karl-anthony-towns,karl-anthony-towns,NYK,F
K. Matkovic,https://sports.ws/nba/karlo-matkovic,karlo-matkovic,NOP,F
K. Leonard,https://sports.ws/nba/kawhi-leonard,kawhi-leonard,LAC,F
K. Wallace,https://sports.ws/nba/keaton-wallace,keaton-wallace,ATL,G
K. Murray,https://sports.ws/nba/keegan-murray,keegan-murray,SAC,F
K. Sykes,https://sports.ws/nba/keifer-sykes,keifer-sykes,,
K. Bates-Diop,https://sports.ws/nba/keita-bates-diop,keita-bates-diop,MIN,F
K. Martin,https://sports.ws/nba/kelan-martin,kelan-martin,,
K. Johnson,https://sports.ws/nba/keldon-johnson,keldon-johnson,SAS,GF
K. Ware,https://sports.ws/nba/kelel-ware,kelel-ware,MIA,C
K. Blevins,https://sports.ws/nba/keljin-blevins,keljin-blevins,,
K. Olynyk,https://sports.ws/nba/kelly-olynyk,kelly-olynyk,TOR,FC
K. Oubre Jr.,https://sports.ws/nba/kelly-oubre,kelly-oubre,PHI,GF
K. Walker,https://sports.ws/nba/kemba-walker,kemba-walker,,
K. Brown,https://sports.ws/nba/kendall-brown,kendall-brown,IND,GF
K. Nunn,https://sports.ws/nba/kendrick-nunn,kendrick-nunn,,
K. Chandler,https://sports.ws/nba/kennedy-chandler,kennedy-chandler,,
K. Lofton Jr.,https://sports.ws/nba/kenneth-lofton,kenneth-lofton,CHI,FC
K. Williams,https://sports.ws/nba/kenrich-williams,kenrich-williams,OKC,FC
K. Bazemore,https://sports.ws/nba/kent-bazemore,kent-bazemore,,
K. Caldwell-Pope,https://sports.ws/nba/kentavious-caldwell-pope,kentavious-caldwell-pope,ORL,G
K. Martin,https://sports.ws/nba/kenyon-martin-jr,kenyon-martin,PHI,F
K. Ellis,https://sports.ws/nba/keon-ellis,keon-ellis,SAC,GF
K. Johnson,https://sports.ws/nba/keon-johnson,keon-johnson,BKN,G
K. Johnson,https://sports.ws/nba/keshad-johnson,keshad-johnson,MIA,F
K. Edwards,https://sports.ws/nba/kessler-edwards,kessler-edwards,DAL,F
K. Durant,https://sports.ws/nba/kevin-durant,kevin-durant,PHX,F
K. Huerter,https://sports.ws/nba/kevin-huerter,kevin-huerter,SAC,GF
K. Knox II,https://sports.ws/nba/kevin-knox,kevin-knox,,
K. Love,https://sports.ws/nba/kevin-love,kevin-love,MIA,FC
K. McCullar Jr.,https://sports.ws/nba/kevin-mccullar,kevin-mccullar,NYK,G
K. Pangos,https://sports.ws/nba/kevin-pangos,kevin-pangos,,
K. Porter Jr.,https://sports.ws/nba/kevin-porter-jr,kevin-porter,LAC,G
K. Harris,https://sports.ws/nba/kevon-harris,kevon-harris,LAC,GF
K. Looney,https://sports.ws/nba/kevon-looney,kevon-looney,GSW,C
K. Johnson,https://sports.ws/nba/keyontae-johnson,keyontae-johnson,CHA,GF
K. George,https://sports.ws/nba/keyonte-george,keyonte-george,UTA,G
K. Diop,https://sports.ws/nba/khalifa-diop,khalifa-diop,,
K. Birch,https://sports.ws/nba/khem-birch,khem-birch,,
K. Middleton,https://sports.ws/nba/khris-middleton,khris-middleton,MIL,F
K. Thomas,https://sports.ws/nba/khyri-thomas,khyri-thomas,,
K. Hayes,https://sports.ws/nba/killian-hayes,killian-hayes,,
K. Tillie,https://sports.ws/nba/killian-tillie,killian-tillie,,
K. Gibbler,https://sports.ws/nba/kimmy-gibbler,kimmy-gibbler,,
K. Lewis Jr.,https://sports.ws/nba/kira-lewis-jr,kira-lewis,,
K. Simpson,https://sports.ws/nba/kj-simpson,kj-simpson,CHA,G
K. Thompson,https://sports.ws/nba/klay-thompson,klay-thompson,DAL,GF
K. Brown,https://sports.ws/nba/kobe-brown,kobe-brown,LAC,F
K. Bufkin,https://sports.ws/nba/kobe-bufkin,kobe-bufkin,ATL,G
K. Simmons,https://sports.ws/nba/kobi-simmons,kobi-simmons,,
K. Antetokounmpo,https://sports.ws/nba/kostas-antetokounmpo,kostas-antetokounmpo,,
K. Dunn,https://sports.ws/nba/kris-dunn,kris-dunn,LAC,G
K. Murray,https://sports.ws/nba/kris-murray,kris-murray,POR,F
K. Porzingis,https://sports.ws/nba/kristaps-porzingis,kristaps-porzingis,BOS,C
K. Anderson,https://sports.ws/nba/kyle-anderson,kyle-anderson,GSW,F
K. Filipowski,https://sports.ws/nba/kyle-filipowski,kyle-filipowski,UTA,C
K. Guy,https://sports.ws/nba/kyle-guy,kyle-guy,,
K. Kuzma,https://sports.ws/nba/kyle-kuzma,kyle-kuzma,WAS,F
K. Lowry,https://sports.ws/nba/kyle-lowry,kyle-lowry,PHI,G
K. Kelley,https://sports.ws/nba/kylor-kelley,kylor-kelley,LAL,C
K. Irving,https://sports.ws/nba/kyrie-irving,kyrie-irving,DAL,G
K. George,https://sports.ws/nba/kyshawn-george,kyshawn-george,WAS,G
K. Okpala,https://sports.ws/nba/kz-okpala,kz-okpala,,
L. Stevens,https://sports.ws/nba/lamar-stevens,lamar-stevens,,
L. Aldridge,https://sports.ws/nba/lamarcus-aldridge,lamarcus-aldridge,,
L. Ball,https://sports.ws/nba/lamelo-ball,lamelo-ball,CHA,G
L. Stephenson,https://sports.ws/nba/lance-stephenson,lance-stephenson,,
L. Shamet,https://sports.ws/nba/landry-shamet,landry-shamet,NYK,G
L. Galloway,https://sports.ws/nba/langston-galloway,langston-galloway,,
L. Nance Jr.,https://sports.ws/nba/larry-nance-jr,larry-nance,ATL,C
L. Markkanen,https://sports.ws/nba/lauri-markkanen,lauri-markkanen,UTA,FC
L. Black,https://sports.ws/nba/leaky-black,leaky-black,,
L. Bolmaro,https://sports.ws/nba/leandro-bolmaro,leandro-bolmaro,,
L. James,https://sports.ws/nba/lebron-james,lebron-james,LAL,F
L. Miller,https://sports.ws/nba/leonard-miller,leonard-miller,MIN,FC
L. Quinones,https://sports.ws/nba/lester-quinones,lester-quinones,PHI,GF
L. Robbins,https://sports.ws/nba/liam-robbins,liam-robbins,MIL,C
L. Wigginton,https://sports.ws/nba/lindell-wigginton,lindell-wigginton,,
L. Waters III,https://sports.ws/nba/lindy-waters,lindy-waters,GSW,GF
L. Walker IV,https://sports.ws/nba/lonnie-walker,lonnie-walker,BOS,G
L. Ball,https://sports.ws/nba/lonzo-ball,lonzo-ball,CHI,G
L. Williams,https://sports.ws/nba/lou-williams,lou-williams,,
L. King,https://sports.ws/nba/louis-king,louis-king,,
L. Dort,https://sports.ws/nba/luguentz-dort,luguentz-dort,OKC,F
L. Doncic,https://sports.ws/nba/luka-doncic,luka-doncic,DAL,G
L. Garza,https://sports.ws/nba/luka-garza,luka-garza,MIN,C
L. Samanic,https://sports.ws/nba/luka-samanic,luka-samanic,,
L. Kennard,https://sports.ws/nba/luke-kennard,luke-kennard,MEM,G
L. Kornet,https://sports.ws/nba/luke-kornet,luke-kornet,BOS,C
L. Travers,https://sports.ws/nba/luke-travers,luke-travers,CLE,G
M. McClung,https://sports.ws/nba/mac-mcclung,mac-mcclung,ORL,G
M. Flynn,https://sports.ws/nba/malachi-flynn,malachi-flynn,,
M. Branham,https://sports.ws/nba/malaki-branham,malaki-branham,SAS,G
M. Brogdon,https://sports.ws/nba/malcolm-brogdon,malcolm-brogdon,WAS,G
M. Cazalon,https://sports.ws/nba/malcolm-cazalon,malcolm-cazalon,,
M. Hill,https://sports.ws/nba/malcolm-hill,malcolm-hill,NOP,F
M. Leons,https://sports.ws/nba/malevy-leons,malevy-leons,OKC,F
M. Beasley,https://sports.ws/nba/malik-beasley,malik-beasley,DET,G
M. Fitts,https://sports.ws/nba/malik-fitts,malik-fitts,,
M. Monk,https://sports.ws/nba/malik-monk,malik-monk,SAC,G
M. Newman,https://sports.ws/nba/malik-newman,malik-newman,,
M. Williams,https://sports.ws/nba/malik-williams,malik-williams,,
M. Diakite,https://sports.ws/nba/mamadi-diakite,mamadi-diakite,,
M. Pereira,https://sports.ws/nba/maozinha-pereira,maozinha-pereira,MEM,F
M. Gasol,https://sports.ws/nba/marc-gasol,marc-gasol,,
M. Garrett,https://sports.ws/nba/marcus-garrett,marcus-garrett,,
M. Morris Sr.,https://sports.ws/nba/marcus-morris,marcus-morris,,
M. Sasser,https://sports.ws/nba/marcus-sasser,marcus-sasser,DET,G
M. Smart,https://sports.ws/nba/marcus-smart,marcus-smart,MEM,G
M. Beauchamp,https://sports.ws/nba/marjon-beauchamp,marjon-beauchamp,MIL,GF
M. Williams,https://sports.ws/nba/mark-williams,mark-williams,CHA,C
M. Fultz,https://sports.ws/nba/markelle-fultz,markelle-fultz,,
M. Morris,https://sports.ws/nba/markieff-morris,markieff-morris,DAL,FC
M. Simonovic,https://sports.ws/nba/marko-simonovic,marko-simonovic,,
M. Nowell,https://sports.ws/nba/markquis-nowell,markquis-nowell,,
M. Howard,https://sports.ws/nba/markus-howard,markus-howard,,
M. Bolden,https://sports.ws/nba/marques-bolden,marques-bolden,,
M. Chriss,https://sports.ws/nba/marquese-chriss,marquese-chriss,,
M. Bagley III,https://sports.ws/nba/marvin-bagley-iii,marvin-bagley,WAS,C
M. Jones,https://sports.ws/nba/mason-jones,mason-jones,SAC,G
M. Plumlee,https://sports.ws/nba/mason-plumlee,mason-plumlee,PHX,C
M. Buzelis,https://sports.ws/nba/matas-buzelis,matas-buzelis,CHI,F
M. Thybulle,https://sports.ws/nba/matisse-thybulle,matisse-thybulle,POR,GF
M. Mooney,https://sports.ws/nba/matt-mooney,matt-mooney,,
M. Ryan,https://sports.ws/nba/matt-ryan,matt-ryan,NYK,GF
M. Thomas,https://sports.ws/nba/matt-thomas,matt-thomas,,
M. Dellavedova,https://sports.ws/nba/matthew-dellavedova,matthew-dellavedova,,
M. Hurt,https://sports.ws/nba/matthew-hurt,matthew-hurt,,
M. Harkless,https://sports.ws/nba/maurice-harkless,maurice-harkless,,
M. Christie,https://sports.ws/nba/max-christie,max-christie,LAL,G
M. Strus,https://sports.ws/nba/max-strus,max-strus,CLE,GF
M. Kleber,https://sports.ws/nba/maxi-kleber,maxi-kleber,DAL,FC
M. Lewis,https://sports.ws/nba/maxwell-lewis,maxwell-lewis,LAL,GF
M. Wright IV,https://sports.ws/nba/mckinley-wright,mckinley-wright,,
M. Ajinca,https://sports.ws/nba/melvin-ajinca,melvin-ajinca,,
M. Frazier Jr.,https://sports.ws/nba/melvin-frazier-jr,melvin-frazier,,
M. Leonard,https://sports.ws/nba/meyers-leonard,meyers-leonard,,
M. Kabengele,https://sports.ws/nba/mfiondu-kabengele,mfiondu-kabengele,,
M. Potter,https://sports.ws/nba/micah-potter,micah-potter,UTA,FC
M. Carter-Williams,https://sports.ws/nba/michael-carter-williams,michael-carter-williams,,
M. Foster Jr.,https://sports.ws/nba/michael-foster,michael-foster,,
M. Porter Jr.,https://sports.ws/nba/michael-porter-jr,michael-porter,DEN,F
M. Bridges,https://sports.ws/nba/mikal-bridges,mikal-bridges,NYK,GF
M. Conley,https://sports.ws/nba/mike-conley,mike-conley,MIN,G
M. Muscala,https://sports.ws/nba/mike-muscala,mike-muscala,,
M. Scott,https://sports.ws/nba/mike-scott,mike-scott,,
M. Bridges,https://sports.ws/nba/miles-bridges,miles-bridges,CHA,GF
M. McBride,https://sports.ws/nba/miles-mcbride,miles-mcbride,NYK,G
M. Norris,https://sports.ws/nba/miles-norris,miles-norris,,
M. Robinson,https://sports.ws/nba/mitchell-robinson,mitchell-robinson,NYK,C
M. Oni,https://sports.ws/nba/miye-oni,miye-oni,MEM,F
M. Walker,https://sports.ws/nba/mj-walker,mj-walker,,
M. Bamba,https://sports.ws/nba/mohamed-bamba,mohamed-bamba,LAC,C
M. King,https://sports.ws/nba/mojave-king,mojave-king,,
M. Morris,https://sports.ws/nba/monte-morris,monte-morris,PHX,G
M. Harrell,https://sports.ws/nba/montrezl-harrell,montrezl-harrell,,
M. Wagner,https://sports.ws/nba/moritz-wagner,moritz-wagner,ORL,C
M. Brown,https://sports.ws/nba/moses-brown,moses-brown,,
M. Moody,https://sports.ws/nba/moses-moody,moses-moody,GSW,GF
M. Wright,https://sports.ws/nba/moses-wright,moses-wright,,
M. Gueye,https://sports.ws/nba/mouhamadou-gueye,mouhamadou-gueye,,
M. Gueye,https://sports.ws/nba/mouhamed-gueye,mouhamed-gueye,ATL,FC
M. Diabate,https://sports.ws/nba/moussa-diabate,moussa-diabate,CHA,C
M. Mulder,https://sports.ws/nba/mychal-mulder,mychal-mulder,,
M. Powell,https://sports.ws/nba/myles-powell,myles-powell,,
M. Turner,https://sports.ws/nba/myles-turner,myles-turner,IND,C
M. Gardner,https://sports.ws/nba/myron-gardner,myron-gardner,DAL,G
N. Marshall,https://sports.ws/nba/naji-marshall,naji-marshall,DAL,GF
N. Little,https://sports.ws/nba/nassir-little,nassir-little,,
N. Darling,https://sports.ws/nba/nate-darling,nate-darling,,
N. Hinton,https://sports.ws/nba/nate-hinton,nate-hinton,HOU,G
N. Knight,https://sports.ws/nba/nathan-knight,nathan-knight,,
N. Mensah,https://sports.ws/nba/nathan-mensah,nathan-mensah,,
N. Reid,https://sports.ws/nba/naz-reid,naz-reid,MIN,FC
N. Queta,https://sports.ws/nba/neemias-queta,neemias-queta,BOS,C
N. Bjelica,https://sports.ws/nba/nemanja-bjelica,nemanja-bjelica,,
N. Noel,https://sports.ws/nba/nerlens-noel,nerlens-noel,,
N. Dante,https://sports.ws/nba/nfaly-dante,nfaly-dante,HOU,F
N. Richards,https://sports.ws/nba/nick-richards,nick-richards,CHA,C
N. Smith Jr.,https://sports.ws/nba/nick-smith,nick-smith,CHA,G
N. Alexander-Walker,https://sports.ws/nba/nickeil-alexander-walker,nickeil-alexander-walker,MIN,G
N. Mannion,https://sports.ws/nba/nico-mannion,nico-mannion,,
N. Batum,https://sports.ws/nba/nicolas-batum,nicolas-batum,LAC,F
N. Claxton,https://sports.ws/nba/nicolas-claxton,nicolas-claxton,BKN,C
N. Melli,https://sports.ws/nba/nicolo-melli,nicolo-melli,,
N. Stauskas,https://sports.ws/nba/nik-stauskas,nik-stauskas,,
N. Djurisic,https://sports.ws/nba/nikola-djurisic,nikola-djurisic,,
N. Jokic,https://sports.ws/nba/nikola-jokic,nikola-jokic,DEN,C
N. Jovic,https://sports.ws/nba/nikola-jovic,nikola-jovic,MIA,F
N. Topic,https://sports.ws/nba/nikola-topic,nikola-topic,OKC,G
N. Vucevic,https://sports.ws/nba/nikola-vucevic,nikola-vucevic,CHI,C
N. Clowney,https://sports.ws/nba/noah-clowney,noah-clowney,BKN,FC
N. Vonleh,https://sports.ws/nba/noah-vonleh,noah-vonleh,,
N. Powell,https://sports.ws/nba/norman-powell,norman-powell,LAC,GF
N. Pelle,https://sports.ws/nba/norvel-pelle,norvel-pelle,,
O. Toppin,https://sports.ws/nba/obi-toppin,obi-toppin,IND,F
O. Agbaji,https://sports.ws/nba/ochai-agbaji,ochai-agbaji,TOR,F
O. Anunoby,https://sports.ws/nba/og-anunoby,og-anunoby,NYK,F
O. Sarr,https://sports.ws/nba/olivier-sarr,olivier-sarr,,
O. Prosper,https://sports.ws/nba/oliviermaxence-prosper,oliviermaxence-prosper,DAL,F
O. Yurtseven,https://sports.ws/nba/omer-yurtseven,omer-yurtseven,,
O. Bitim,https://sports.ws/nba/onuralp-bitim,onuralp-bitim,CHI,F
O. Okongwu,https://sports.ws/nba/onyeka-okongwu,onyeka-okongwu,ATL,C
O. Robinson,https://sports.ws/nba/orlando-robinson,orlando-robinson,SAC,C
O. Tshiebwe,https://sports.ws/nba/oscar-tshiebwe,oscar-tshiebwe,UTA,FC
O. Brissett,https://sports.ws/nba/oshae-brissett,oshae-brissett,,
O. Ighodaro,https://sports.ws/nba/oso-ighodaro,oso-ighodaro,PHX,F
O. Porter Jr.,https://sports.ws/nba/otto-porter,otto-porter,,
O. Dieng,https://sports.ws/nba/ousmane-dieng,ousmane-dieng,OKC,F
P. Dadiet,https://sports.ws/nba/pacome-dadiet,pacome-dadiet,NYK,G
P. Banchero,https://sports.ws/nba/paolo-banchero,paolo-banchero,ORL,F
P. Siakam,https://sports.ws/nba/pascal-siakam,pascal-siakam,IND,F
P. Connaughton,https://sports.ws/nba/pat-connaughton,pat-connaughton,MIL,GF
P. Spencer,https://sports.ws/nba/pat-spencer,pat-spencer,GSW,G
P. Baldwin Jr.,https://sports.ws/nba/patrick-baldwin,patrick-baldwin,WAS,FC
P. Beverley,https://sports.ws/nba/patrick-beverley,patrick-beverley,,
P. McCaw,https://sports.ws/nba/patrick-mccaw,patrick-mccaw,,
P. Patterson,https://sports.ws/nba/patrick-patterson,patrick-patterson,,
P. Williams,https://sports.ws/nba/patrick-williams,patrick-williams,CHI,F
P. Mills,https://sports.ws/nba/patty-mills,patty-mills,UTA,G
P. George,https://sports.ws/nba/paul-george,paul-george,PHI,F
P. Millsap,https://sports.ws/nba/paul-millsap,paul-millsap,,
P. Reed,https://sports.ws/nba/paul-reed,paul-reed,DET,C
P. Watson,https://sports.ws/nba/paul-watson,paul-watson,,
P. Pritchard,https://sports.ws/nba/payton-pritchard,payton-pritchard,BOS,G
P. Larsson,https://sports.ws/nba/pelle-larsson,pelle-larsson,MIA,G
P. Nance,https://sports.ws/nba/pete-nance,pete-nance,,
P. Cornelie,https://sports.ws/nba/petr-cornelie,petr-cornelie,,
P. Watson,https://sports.ws/nba/peyton-watson,peyton-watson,DEN,F
P. Dozier,https://sports.ws/nba/pj-dozier,pj-dozier,MIN,GF
P. Hall,https://sports.ws/nba/pj-hall,pj-hall,DEN,F
P. Tucker,https://sports.ws/nba/pj-tucker,pj-tucker,LAC,F
P. Washington,https://sports.ws/nba/pj-washington,pj-washington,DAL,F
P. Achiuwa,https://sports.ws/nba/precious-achiuwa,precious-achiuwa,NYK,FC
Q. Grimes,https://sports.ws/nba/quentin-grimes,quentin-grimes,DAL,G
Q. Jackson,https://sports.ws/nba/quenton-jackson,quenton-jackson,IND,G
Q. Olivari,https://sports.ws/nba/quincy-olivari,quincy-olivari,LAL,G
Q. Cook,https://sports.ws/nba/quinn-cook,quinn-cook,,
Q. Weatherspoon,https://sports.ws/nba/quinndary-weatherspoon,quinndary-weatherspoon,,
Q. Post,https://sports.ws/nba/quinten-post,quinten-post,GSW,C
R. Gray,https://sports.ws/nba/raiquan-gray,raiquan-gray,,
R. Rondo,https://sports.ws/nba/rajon-rondo,rajon-rondo,,
R. Neto,https://sports.ws/nba/raul-neto,raul-neto,,
R. Spalding,https://sports.ws/nba/ray-spalding,ray-spalding,,
R. Rupert,https://sports.ws/nba/rayan-rupert,rayan-rupert,POR,GF
R. Tucker,https://sports.ws/nba/rayjon-tucker,rayjon-tucker,,
R. Beekman,https://sports.ws/nba/reece-beekman,reece-beekman,GSW,G
R. Sheppard,https://sports.ws/nba/reed-sheppard,reed-sheppard,HOU,G
R. Bullock Jr.,https://sports.ws/nba/reggie-bullock,reggie-bullock,,
R. Jackson,https://sports.ws/nba/reggie-jackson,reggie-jackson,PHI,G
R. Perry,https://sports.ws/nba/reggie-perry,reggie-perry,,
R. Holmes,https://sports.ws/nba/richaun-holmes,richaun-holmes,WAS,C
R. Council IV,https://sports.ws/nba/ricky-council,ricky-council,PHI,GF
R. Rubio,https://sports.ws/nba/ricky-rubio,ricky-rubio,,
R. Minix,https://sports.ws/nba/riley-minix,riley-minix,SAS,F
R. Barrett,https://sports.ws/nba/rj-barrett,rj-barrett,TOR,F
R. Hampton,https://sports.ws/nba/rj-hampton,rj-hampton,,
R. Hunter,https://sports.ws/nba/rj-hunter,rj-hunter,,
R. Nembhard,https://sports.ws/nba/rj-nembhard,rj-nembhard,,
R. Dillingham,https://sports.ws/nba/rob-dillingham,rob-dillingham,MIN,G
R. Covington,https://sports.ws/nba/robert-covington,robert-covington,,
R. Franks,https://sports.ws/nba/robert-franks,robert-franks,,
R. Williams III,https://sports.ws/nba/robert-williams,robert-williams,POR,C
R. Woodard II,https://sports.ws/nba/robert-woodard,robert-woodard,,
R. Lopez,https://sports.ws/nba/robin-lopez,robin-lopez,,
R. Kurucs,https://sports.ws/nba/rodions-kurucs,rodions-kurucs,,
R. Hood,https://sports.ws/nba/rodney-hood,rodney-hood,,
R. McGruder,https://sports.ws/nba/rodney-mcgruder,rodney-mcgruder,,
R. Langford,https://sports.ws/nba/romeo-langford,romeo-langford,,
R. Harper Jr.,https://sports.ws/nba/ron-harper-jr,ron-harper,BOS,F
R. Holland,https://sports.ws/nba/ron-holland,ron-holland,DET,GF
R. Hollis-Jefferson,https://sports.ws/nba/rondae-hollis-jefferson,rondae-hollis-jefferson,,
R. O'Neale,https://sports.ws/nba/royce-oneale,royce-oneale,PHX,GF
R. Gay,https://sports.ws/nba/rudy-gay,rudy-gay,,
R. Gobert,https://sports.ws/nba/rudy-gobert,rudy-gobert,MIN,C
R. Hachimura,https://sports.ws/nba/rui-hachimura,rui-hachimura,LAL,F
R. Westbrook,https://sports.ws/nba/russell-westbrook,russell-westbrook,DEN,G
R. Arcidiacono,https://sports.ws/nba/ryan-arcidiacono,ryan-arcidiacono,,
R. Dunn,https://sports.ws/nba/ryan-dunn,ryan-dunn,PHX,F
R. Rollins,https://sports.ws/nba/ryan-rollins,ryan-rollins,MIL,G
S. Lee,https://sports.ws/nba/saben-lee,saben-lee,,
S. Bey,https://sports.ws/nba/saddiq-bey,saddiq-bey,WAS,F
S. Dekker,https://sports.ws/nba/sam-dekker,sam-dekker,,
S. Hauser,https://sports.ws/nba/sam-hauser,sam-hauser,BOS,F
S. Merrill,https://sports.ws/nba/sam-merrill,sam-merrill,CLE,G
S. Mamukelashvili,https://sports.ws/nba/sandro-mamukelashvili ,sandro-mamukelashvili,SAS,FC
S. Aldama,https://sports.ws/nba/santi-aldama,santi-aldama,MEM,F
S. Vezenkov,https://sports.ws/nba/Sasha-vezenkov,sasha-vezenkov,,
S. Henderson,https://sports.ws/nba/scoot-henderson,scoot-henderson,POR,G
S. Barnes,https://sports.ws/nba/scottie-barnes,scottie-barnes,TOR,GF
S. Lewis,https://sports.ws/nba/scottie-lewis,scottie-lewis,,
S. Hopson,https://sports.ws/nba/scotty-hopson,scotty-hopson,,
S. Pippen Jr.,https://sports.ws/nba/scotty-pippen-jr,scotty-pippen,MEM,G
S. McDermott,https://sports.ws/nba/sean-mcdermott,sean-mcdermott,,
S. Doumbouya,https://sports.ws/nba/sekou-doumbouya,sekou-doumbouya,,
S. Ojeleye,https://sports.ws/nba/semi-ojeleye,semi-ojeleye,,
S. Ibaka,https://sports.ws/nba/serge-ibaka,serge-ibaka,,
S. Curry,https://sports.ws/nba/seth-curry,seth-curry,CHA,G
S. Lundy,https://sports.ws/nba/seth-lundy,seth-lundy,ATL,F
S. Sharpe,https://sports.ws/nba/shaedon-sharpe,shaedon-sharpe,POR,G
S. Gilgeous-Alexander,https://sports.ws/nba/shai-gilgeous-alexander,shai-gilgeous-alexander,OKC,G
S. Milton,https://sports.ws/nba/shake-milton,shake-milton,BKN,G
S. Buchanan,https://sports.ws/nba/shaq-buchanan,shaq-buchanan,,
S. Harrison,https://sports.ws/nba/shaquille-harrison,shaquille-harrison,,
S. Cooper,https://sports.ws/nba/sharife-cooper,sharife-cooper,,
S. Cissoko,https://sports.ws/nba/sidy-cissoko,sidy-cissoko,SAS,F
S. Fontecchio,https://sports.ws/nba/simone-fontecchio,simone-fontecchio,DET,F
S. Thornwell,https://sports.ws/nba/sindarius-thornwell,sindarius-thornwell,,
S. Rice,https://sports.ws/nba/sirjabari-rice,sirjabari-rice,,
S. Labissiere,https://sports.ws/nba/skal-labissiere,skal-labissiere,,
S. Mays,https://sports.ws/nba/skylar-mays,skylar-mays,,
S. Hill,https://sports.ws/nba/solomon-hill,solomon-hill,,
S. Dinwiddie,https://sports.ws/nba/spencer-dinwiddie,spencer-dinwiddie,DAL,G
S. Jones,https://sports.ws/nba/spencer-jones,spencer-jones,DEN,F
S. Johnson,https://sports.ws/nba/stanley-johnson,stanley-johnson,,
S. Umude,https://sports.ws/nba/stanley-umude,stanley-umude,MIL,F
S. Curry,https://sports.ws/nba/stephen-curry,stephen-curry,GSW,G
S. Castle,https://sports.ws/nba/stephon-castle,stephon-castle,SAS,G
S. Brown,https://sports.ws/nba/sterling-brown,sterling-brown,,
S. Adams,https://sports.ws/nba/steven-adams,steven-adams,HOU,C
S. Mykhailiuk,https://sports.ws/nba/sviatoslav-mykhailiuk,sviatoslav-mykhailiuk,UTA,GF
T. Fall,https://sports.ws/nba/tacko-fall,tacko-fall,,
T. Kinsey,https://sports.ws/nba/taevion-kinsey,taevion-kinsey,,
T. Gibson,https://sports.ws/nba/taj-gibson,taj-gibson,CHA,C
T. Horton-Tucker,https://sports.ws/nba/talen-horton-tucker,talen-horton-tucker,CHI,G
T. Eason,https://sports.ws/nba/tari-eason,tari-eason,HOU,F
T. Biberovic,https://sports.ws/nba/tarik-biberovic,tarik-biberovic,,
T. Prince,https://sports.ws/nba/taurean-prince,taurean-prince,MIL,GF
T. Hendricks,https://sports.ws/nba/taylor-hendricks,taylor-hendricks,UTA,F
T. Moore,https://sports.ws/nba/taze-moore,taze-moore,POR,G
T. Mann,https://sports.ws/nba/terance-mann,terance-mann,LAC,GF
T. Davis,https://sports.ws/nba/terence-davis,terence-davis,,
T. Smith,https://sports.ws/nba/terquavion-smith,terquavion-smith,,
T. Ferguson,https://sports.ws/nba/terrance-ferguson,terrance-ferguson,,
T. Ross,https://sports.ws/nba/terrence-ross,terrence-ross,,
T. Shannon Jr.,https://sports.ws/nba/terrence-shannon,terrence-shannon,MIN,G
T. Rozier,https://sports.ws/nba/terry-rozier,terry-rozier,MIA,G
T. Taylor,https://sports.ws/nba/terry-taylor,terry-taylor,,
T. Young,https://sports.ws/nba/thaddeus-young,thaddeus-young,,
T. Antetokounmpo,https://sports.ws/nba/thanasis-antetokounmpo,thanasis-antetokounmpo,,
T. Maledon,https://sports.ws/nba/theo-maledon,theo-maledon,,
T. Pinson,https://sports.ws/nba/theo-pinson,theo-pinson,,
T. Bryant,https://sports.ws/nba/thomas-bryant,thomas-bryant,MIA,C
T. Maker,https://sports.ws/nba/thon-maker,thon-maker,HOU,FC
T. Salaun,https://sports.ws/nba/tidjane-salaun,tidjane-salaun,CHA,F
T. Frazier,https://sports.ws/nba/tim-frazier,tim-frazier,,
T. Hardaway Jr.,https://sports.ws/nba/tim-hardaway-jr,tim-hardaway,DET,F
T. Allen,https://sports.ws/nba/timmy-allen,timmy-allen,,
T. Luwawu-Cabarrot,https://sports.ws/nba/timothe-luwawu-cabarrot,timothe-luwawu-cabarrot,,
T. Leaf,https://sports.ws/nba/tj-leaf,tj-leaf,,
T. McConnell,https://sports.ws/nba/tj-mcconnell,tj-mcconnell,IND,G
T. Warren,https://sports.ws/nba/tj-warren,tj-warren,NYK,F
T. Harris,https://sports.ws/nba/tobias-harris,tobias-harris,DET,F
T. Satoransky,https://sports.ws/nba/tomas-satoransky,tomas-satoransky,,
T. Bradley,https://sports.ws/nba/tony-bradley,tony-bradley,,
T. Snell,https://sports.ws/nba/tony-snell,tony-snell,,
T. Craig,https://sports.ws/nba/torrey-craig,torrey-craig,CHI,F
T. Evbuomwan,https://sports.ws/nba/tosan-evbuomwan,tosan-evbuomwan,DET,F
T. Camara,https://sports.ws/nba/toumani-camara,toumani-camara,POR,F
T. Young,https://sports.ws/nba/trae-young,trae-young,ATL,G
T. Jackson-Davis,https://sports.ws/nba/trayce-jackson-davis,trayce-jackson-davis,GSW,FC
T. Jones,https://sports.ws/nba/tre-jones,tre-jones,SAS,G
T. Mann,https://sports.ws/nba/tre-mann,tre-mann,CHA,G
T. Waters,https://sports.ws/nba/tremont-waters,tremont-waters,,
T. Watford,https://sports.ws/nba/trendon-watford,trendon-watford,BKN,FC
T. Forrest,https://sports.ws/nba/trent-forrest,trent-forrest,,
T. Flowers,https://sports.ws/nba/trentyn-flowers,trentyn-flowers,LAC,F
T. Queen,https://sports.ws/nba/trevelin-queen,trevelin-queen,ORL,GF
T. Ariza,https://sports.ws/nba/trevor-ariza,trevor-ariza,,
T. Hudgins,https://sports.ws/nba/trevor-hudgins,trevor-hudgins,,
T. Keels,https://sports.ws/nba/trevor-keels,trevor-keels,,
T. Alexander,https://sports.ws/nba/trey-alexander,trey-alexander,DEN,G
T. Burke,https://sports.ws/nba/trey-burke,trey-burke,,
T. Jemison,https://sports.ws/nba/trey-jemison,trey-jemison,NOP,C
T. Lyles,https://sports.ws/nba/trey-lyles,trey-lyles,SAC,F
T. Murphy III,https://sports.ws/nba/trey-murphy,trey-murphy,NOP,GF
T. da Silva,https://sports.ws/nba/tristan-dasilva,tristan-dasilva,ORL,F
T. Thompson,https://sports.ws/nba/tristan-thompson,tristan-thompson,CLE,C
T. Vukcevic,https://sports.ws/nba/tristan-vukcevic,tristan-vukcevic,WAS,C
T. Newton,https://sports.ws/nba/tristen-newton,tristen-newton,IND,G
T. Brown Jr.,https://sports.ws/nba/troy-brown-jr,troy-brown,,
T. Jerome,https://sports.ws/nba/ty-jerome,ty-jerome,CLE,G
T. Bey,https://sports.ws/nba/tyler-bey,tyler-bey,,
T. Cook,https://sports.ws/nba/tyler-cook,tyler-cook,,
T. Dorsey,https://sports.ws/nba/tyler-dorsey,tyler-dorsey,,
T. Herro,https://sports.ws/nba/tyler-herro,tyler-herro,MIA,G
T. Johnson,https://sports.ws/nba/tyler-johnson,tyler-johnson,,
T. Kolek,https://sports.ws/nba/tyler-kolek,tyler-kolek,NYK,G
T. Smith,https://sports.ws/nba/tyler-smith,tyler-smith,MIL,F
T. Terry,https://sports.ws/nba/tyrell-terry,tyrell-terry,,
T. Haliburton,https://sports.ws/nba/tyrese-haliburton,tyrese-haliburton,IND,G
T. Martin,https://sports.ws/nba/tyrese-martin,tyrese-martin,BKN,F
T. Maxey,https://sports.ws/nba/tyrese-maxey,tyrese-maxey,PHI,G
T. Samuel,https://sports.ws/nba/tyrese-samuel,tyrese-samuel,PHX,F
T. Wallace,https://sports.ws/nba/tyrone-wallace,tyrone-wallace,,
T. Alexander,https://sports.ws/nba/tyshon-alexander,tyshon-alexander,,
T. Washington Jr.,https://sports.ws/nba/tyty-washington,tyty-washington,PHX,G
T. Jones,https://sports.ws/nba/tyus-jones,tyus-jones,PHX,G
U. Azubuike,https://sports.ws/nba/udoka-azubuike,udoka-azubuike,,
U. Haslem,https://sports.ws/nba/udonis-haslem,udonis-haslem,,
U. Chomche,https://sports.ws/nba/ulrich-chomche,ulrich-chomche,TOR,FC
U. Garuba,https://sports.ws/nba/usman-garuba,usman-garuba,,
V. Micic,https://sports.ws/nba/vasilije-micic,vasilije-micic,CHA,G
V. Carey Jr.,https://sports.ws/nba/vernon-carey-jr,vernon-carey,,
V. Oladipo,https://sports.ws/nba/victor-oladipo,victor-oladipo,,
V. Wembanyama,https://sports.ws/nba/victor-wembanyama,victor-wembanyama,SAS,C
V. Williams Jr.,https://sports.ws/nba/vince-williams,vince-williams,MEM,G
V. Poirier,https://sports.ws/nba/vincent-poirier,vincent-poirier,,
V. Krejci,https://sports.ws/nba/vit-krejci,vit-krejci,ATL,G
V. Cancar,https://sports.ws/nba/vlatko-cancar,vlatko-cancar,DEN,F
W. Kessler,https://sports.ws/nba/walker-kessler,walker-kessler,UTA,C
W. Ellington,https://sports.ws/nba/wayne-ellington,wayne-ellington,,
W. Selden,https://sports.ws/nba/wayne-selden,wayne-selden,,
W. Carter Jr.,https://sports.ws/nba/wendell-carter-jr,wendell-carter,ORL,C
W. Moore Jr.,https://sports.ws/nba/wendell-moore,wendell-moore,DET,GF
W. Gabriel,https://sports.ws/nba/wenyen-gabriel,wenyen-gabriel,,
W. Iwundu,https://sports.ws/nba/wesley-iwundu,wesley-iwundu,,
W. Matthews,https://sports.ws/nba/wesley-matthews,wesley-matthews,,
W. Barton,https://sports.ws/nba/will-barton,will-barton,,
W. Magnay,https://sports.ws/nba/will-magnay,will-magnay,,
W. Cauley-Stein,https://sports.ws/nba/willie-cauley-stein,willie-cauley-stein,,
W. Hernangomez,https://sports.ws/nba/willy-hernangomez,willy-hernangomez,,
X. Cooks,https://sports.ws/nba/xavier-cooks,xavier-cooks,,
X. Moon,https://sports.ws/nba/xavier-moon,xavier-moon,,
X. Sneed,https://sports.ws/nba/xavier-sneed,xavier-sneed,,
X. Tillman,https://sports.ws/nba/xavier-tillman,xavier-tillman,BOS,FC
Y. Ferrell,https://sports.ws/nba/yogi-ferrell,yogi-ferrell,,
Y. Cui,https://sports.ws/nba/yongxi-cui,yongxi-cui,BKN,G
Y. Kawamura,https://sports.ws/nba/yuki-kawamura,yuki-kawamura,MEM,G
Y. Watanabe,https://sports.ws/nba/yuta-watanabe,yuta-watanabe,,
Y. Missi,https://sports.ws/nba/yves-missi,yves-missi,NOP,C
Y. Pons,https://sports.ws/nba/yves-pons,yves-pons,,
Z. Risacher,https://sports.ws/nba/zaccharie-risacher,zaccharie-risacher,ATL,F
Z. Collins,https://sports.ws/nba/zach-collins,zach-collins,SAS,FC
Z. Edey,https://sports.ws/nba/zach-edey,zach-edey,MEM,C
Z. LaVine,https://sports.ws/nba/zach-lavine,zach-lavine,CHI,GF
Z. Simpson,https://sports.ws/nba/zavier-simpson,zavier-simpson,,
Z. Nnaji,https://sports.ws/nba/zeke-nnaji,zeke-nnaji,DEN,C
Z. Smith,https://sports.ws/nba/zhaire-smith,zhaire-smith,,
Z. Williams,https://sports.ws/nba/ziaire-williams,ziaire-williams,BKN,GF
Z. Williamson,https://sports.ws/nba/zion-williamson,zion-williamson,NOP,F
Z. Cheatham,https://sports.ws/nba/zylan-cheatham,zylan-cheatham,,
